2025-12-11 at 09:02:56 | INFO | saas
2025-12-11 at 09:04:42 | INFO | saas
2025-12-11 at 09:24:47 | INFO | 正在初始化
2025-12-11 at 09:24:47 | INFO | 初始化完成
2025-12-11 at 09:53:06 | INFO | 正在初始化
2025-12-11 at 09:53:06 | INFO | 初始化完成
2025-12-11 at 09:53:06 | INFO | 当前位置：
2025-12-11 at 09:53:07 | INFO | 正在进入
2025-12-11 at 09:53:11 | INFO | 无学习任务
2025-12-11 at 09:55:09 | INFO | 正在初始化
2025-12-11 at 09:55:09 | INFO | 初始化完成
2025-12-11 at 09:55:09 | INFO | 当前位置：首页
2025-12-11 at 09:55:10 | INFO | 正在进入 个人中心
2025-12-11 at 09:55:14 | INFO | 无学习任务
2025-12-11 at 11:15:22 | INFO | 正在初始化
2025-12-11 at 11:16:00 | INFO | 正在初始化
2025-12-11 at 11:16:03 | INFO | 账号输入完成
2025-12-11 at 11:16:04 | INFO | 密码输入完成
2025-12-11 at 11:16:05 | INFO | 已勾选协议
2025-12-11 at 11:16:05 | INFO | 已提交，即将进入滑块验证码
2025-12-11 at 11:16:12 | INFO | 正在初始化
2025-12-11 at 11:16:12 | INFO | 初始化完成
2025-12-11 at 11:16:16 | INFO | 无学习任务，直接退出
2025-12-11 at 11:17:09 | INFO | 正在初始化
2025-12-11 at 11:17:11 | INFO | 账号输入完成
2025-12-11 at 11:17:13 | INFO | 密码输入完成
2025-12-11 at 11:17:13 | INFO | 已勾选协议
2025-12-11 at 11:17:13 | INFO | 已提交，即将进入滑块验证码
2025-12-11 at 11:17:13 | ERROR | 图片保存成功：slider.png
2025-12-11 at 11:17:13 | ERROR | 图片保存成功：background.png
2025-12-11 at 11:18:59 | INFO | 正在初始化
2025-12-11 at 11:19:22 | INFO | 正在初始化
2025-12-11 at 11:19:25 | INFO | 账号输入完成
2025-12-11 at 11:19:26 | INFO | 密码输入完成
2025-12-11 at 11:19:26 | INFO | 已勾选协议
2025-12-11 at 11:19:26 | INFO | 已提交，即将进入滑块验证码
2025-12-11 at 11:19:26 | ERROR | 图片保存成功：slider.png
2025-12-11 at 11:19:26 | ERROR | 图片保存成功：background.png
2025-12-11 at 11:24:00 | INFO | 正在初始化
2025-12-11 at 11:24:03 | INFO | 账号输入完成
2025-12-11 at 11:24:05 | INFO | 密码输入完成
2025-12-11 at 11:24:05 | INFO | 已勾选协议
2025-12-11 at 11:24:05 | INFO | 已提交，即将进入滑块验证码
2025-12-11 at 11:24:05 | ERROR | 图片保存成功：slider.png
2025-12-11 at 11:24:05 | ERROR | 图片保存成功：background.png
2025-12-11 at 11:36:44 | INFO | 正在初始化
2025-12-11 at 11:36:47 | INFO | 账号输入完成
2025-12-11 at 11:36:49 | INFO | 密码输入完成
2025-12-11 at 11:36:49 | INFO | 已勾选协议
2025-12-11 at 11:36:50 | INFO | 已提交，即将进入滑块验证码
2025-12-11 at 11:36:50 | INFO | 图片保存成功：slider.png
2025-12-11 at 11:36:50 | INFO | 图片保存成功：background.png
2025-12-11 at 14:48:29 | INFO | 正在初始化
2025-12-11 at 14:48:32 | INFO | 账号输入完成
2025-12-11 at 14:48:34 | INFO | 密码输入完成
2025-12-11 at 14:48:34 | INFO | 已勾选协议
2025-12-11 at 14:48:34 | INFO | 已提交，即将进入滑块验证码
2025-12-11 at 14:48:34 | INFO | 图片保存成功：slider.png
2025-12-11 at 14:48:34 | INFO | 图片保存成功：background.png
2025-12-11 at 14:49:54 | INFO | 正在初始化
2025-12-11 at 14:49:56 | INFO | 账号输入完成
2025-12-11 at 14:49:58 | INFO | 密码输入完成
2025-12-11 at 14:49:58 | INFO | 已勾选协议
2025-12-11 at 14:49:58 | INFO | 已提交，即将进入滑块验证码
2025-12-11 at 14:49:58 | INFO | 图片保存成功：slider.png
2025-12-11 at 14:49:58 | INFO | 图片保存成功：background.png
2025-12-11 at 14:58:52 | INFO | 正在初始化
2025-12-11 at 14:58:55 | INFO | 账号输入完成
2025-12-11 at 14:58:57 | INFO | 密码输入完成
2025-12-11 at 14:58:57 | INFO | 已勾选协议
2025-12-11 at 14:58:57 | INFO | 已提交，即将进入滑块验证码
2025-12-11 at 14:58:57 | INFO | 图片保存成功：slider.png
2025-12-11 at 14:58:57 | ERROR | 图片保存失败：background.png
2025-12-11 at 15:02:29 | INFO | 正在初始化
2025-12-11 at 15:02:32 | INFO | 账号输入完成
2025-12-11 at 15:02:33 | INFO | 密码输入完成
2025-12-11 at 15:02:34 | INFO | 已勾选协议
2025-12-11 at 15:02:34 | INFO | 已提交，即将进入滑块验证码
2025-12-11 at 15:02:34 | INFO | 图片保存成功：slider.png
2025-12-11 at 15:02:34 | INFO | 图片保存成功：background.png
2025-12-11 at 15:02:56 | INFO | 正在初始化
2025-12-11 at 15:02:56 | INFO | 初始化完成
2025-12-11 at 15:03:00 | INFO | 无学习任务，直接退出
2025-12-11 at 15:05:12 | INFO | 正在初始化
2025-12-11 at 15:05:14 | INFO | 账号输入完成
2025-12-11 at 15:05:16 | INFO | 密码输入完成
2025-12-11 at 15:05:16 | INFO | 已勾选协议
2025-12-11 at 15:05:16 | INFO | 已提交，即将进入滑块验证码
2025-12-11 at 15:05:16 | INFO | 图片保存成功：slider.png
2025-12-11 at 15:05:16 | INFO | 图片保存成功：background.png
2025-12-11 at 15:06:50 | INFO | 正在初始化
2025-12-11 at 15:07:34 | INFO | 正在初始化
2025-12-11 at 15:07:42 | INFO | 账号输入完成
2025-12-11 at 15:07:44 | INFO | 密码输入完成
2025-12-11 at 15:07:44 | INFO | 已勾选协议
2025-12-11 at 15:07:44 | INFO | 已提交，即将进入滑块验证码
2025-12-11 at 15:08:21 | INFO | 正在初始化
2025-12-11 at 15:08:24 | INFO | 账号输入完成
2025-12-11 at 15:08:26 | INFO | 密码输入完成
2025-12-11 at 15:08:26 | INFO | 已勾选协议
2025-12-11 at 15:08:26 | INFO | 已提交，即将进入滑块验证码
2025-12-11 at 15:08:26 | INFO | 图片保存成功：slider.png
2025-12-11 at 15:08:26 | INFO | 图片保存成功：background.png
2025-12-11 at 15:10:05 | INFO | 正在初始化
2025-12-11 at 15:10:08 | INFO | 账号输入完成
2025-12-11 at 15:10:10 | INFO | 密码输入完成
2025-12-11 at 15:10:10 | INFO | 已勾选协议
2025-12-11 at 15:10:10 | INFO | 已提交，即将进入滑块验证码
2025-12-11 at 15:10:10 | INFO | 图片保存成功：slider.png
2025-12-11 at 15:10:10 | INFO | 图片保存成功：background.png
2025-12-11 at 15:10:39 | INFO | 正在初始化
2025-12-11 at 15:10:39 | INFO | 初始化完成
2025-12-11 at 15:10:43 | INFO | 无学习任务，直接退出
2025-12-11 at 15:16:59 | INFO | 正在初始化
2025-12-11 at 15:17:23 | INFO | 正在初始化
2025-12-11 at 15:17:57 | INFO | 正在初始化
2025-12-11 at 15:18:39 | INFO | 正在初始化
2025-12-11 at 15:19:20 | INFO | 正在初始化
2025-12-11 at 15:20:48 | INFO | 正在初始化
2025-12-11 at 15:20:48 | INFO | 初始化完成
2025-12-11 at 15:21:35 | INFO | 正在初始化
2025-12-11 at 15:21:35 | INFO | 初始化完成
2025-12-11 at 15:22:57 | INFO | 正在初始化
2025-12-11 at 15:22:57 | INFO | 初始化完成
2025-12-11 at 15:25:58 | INFO | 正在初始化
2025-12-11 at 15:25:58 | INFO | 初始化完成
2025-12-11 at 15:28:16 | INFO | 正在初始化
2025-12-11 at 15:28:16 | INFO | 初始化完成
2025-12-11 at 15:28:18 | INFO | 账号输入完成
2025-12-11 at 15:28:20 | INFO | 密码输入完成
2025-12-11 at 15:28:20 | INFO | 已勾选协议
2025-12-11 at 15:28:20 | INFO | 已提交，即将进入滑块验证码
2025-12-11 at 15:28:20 | INFO | 图片保存成功：slider.png
2025-12-11 at 15:28:20 | INFO | 图片保存成功：background.png
2025-12-11 at 15:28:27 | INFO | 无学习任务，直接退出
2025-12-11 at 15:30:15 | INFO | 正在初始化
2025-12-11 at 15:30:15 | INFO | 初始化完成
2025-12-11 at 15:30:17 | INFO | 账号输入完成
2025-12-11 at 15:30:19 | INFO | 密码输入完成
2025-12-11 at 15:30:19 | INFO | 已勾选协议
2025-12-11 at 15:30:19 | INFO | 已提交，即将进入滑块验证码
2025-12-11 at 15:30:19 | INFO | 图片保存成功：slider.png
2025-12-11 at 15:30:19 | INFO | 图片保存成功：background.png
2025-12-11 at 15:30:25 | INFO | 无学习任务，直接退出
2025-12-11 at 15:30:51 | INFO | 正在初始化
2025-12-11 at 15:30:51 | INFO | 初始化完成
2025-12-11 at 15:30:54 | INFO | 账号输入完成
2025-12-11 at 15:30:56 | INFO | 密码输入完成
2025-12-11 at 15:30:56 | INFO | 已勾选协议
2025-12-11 at 15:30:56 | INFO | 已提交，即将进入滑块验证码
2025-12-11 at 15:30:56 | INFO | 图片保存成功：slider.png
2025-12-11 at 15:30:56 | INFO | 图片保存成功：background.png
2025-12-11 at 15:31:02 | INFO | 无学习任务，直接退出
2025-12-11 at 15:31:31 | INFO | 正在初始化
2025-12-11 at 15:31:31 | INFO | 初始化完成
2025-12-11 at 15:31:34 | INFO | 账号输入完成
2025-12-11 at 15:31:36 | INFO | 密码输入完成
2025-12-11 at 15:31:36 | INFO | 已勾选协议
2025-12-11 at 15:31:36 | INFO | 已提交，即将进入滑块验证码
2025-12-11 at 15:31:36 | INFO | 图片保存成功：slider.png
2025-12-11 at 15:31:36 | INFO | 图片保存成功：background.png
2025-12-11 at 15:31:42 | INFO | 无学习任务，直接退出
2025-12-11 at 15:46:18 | INFO | 正在初始化
2025-12-11 at 15:46:18 | INFO | 初始化完成
2025-12-11 at 15:46:22 | INFO | 账号输入完成
2025-12-11 at 15:46:24 | INFO | 密码输入完成
2025-12-11 at 15:46:24 | INFO | 已勾选协议
2025-12-11 at 15:46:24 | INFO | 已提交，即将进入滑块验证码
2025-12-11 at 15:46:24 | INFO | 图片保存成功：slider.png
2025-12-11 at 15:46:24 | INFO | 图片保存成功：background.png
2025-12-11 at 15:46:50 | INFO | 正在初始化
2025-12-11 at 15:46:50 | INFO | 初始化完成
2025-12-11 at 15:46:53 | INFO | 账号输入完成
2025-12-11 at 15:46:55 | INFO | 密码输入完成
2025-12-11 at 15:46:55 | INFO | 已勾选协议
2025-12-11 at 15:46:55 | INFO | 已提交，即将进入滑块验证码
2025-12-11 at 15:46:55 | INFO | 图片保存成功：slider.png
2025-12-11 at 15:46:55 | INFO | 图片保存成功：background.png
2025-12-11 at 15:48:08 | INFO | 正在初始化
2025-12-11 at 15:48:08 | INFO | 初始化完成
2025-12-11 at 15:48:11 | INFO | 账号输入完成
2025-12-11 at 15:48:13 | INFO | 密码输入完成
2025-12-11 at 15:48:13 | INFO | 已勾选协议
2025-12-11 at 15:48:13 | INFO | 已提交，即将进入滑块验证码
2025-12-11 at 15:48:13 | INFO | 图片保存成功：slider.png
2025-12-11 at 15:48:13 | INFO | 图片保存成功：background.png
2025-12-11 at 15:48:36 | INFO | 正在初始化
2025-12-11 at 15:48:36 | INFO | 初始化完成
2025-12-11 at 15:48:38 | INFO | 账号输入完成
2025-12-11 at 15:48:40 | INFO | 密码输入完成
2025-12-11 at 15:48:40 | INFO | 已勾选协议
2025-12-11 at 15:48:40 | INFO | 已提交，即将进入滑块验证码
2025-12-11 at 15:48:40 | INFO | 图片保存成功：slider.png
2025-12-11 at 15:48:40 | INFO | 图片保存成功：background.png
2025-12-11 at 15:57:37 | INFO | 正在初始化
2025-12-11 at 15:57:37 | INFO | 初始化完成
2025-12-11 at 15:57:41 | INFO | 账号输入完成
2025-12-11 at 15:57:42 | INFO | 密码输入完成
2025-12-11 at 15:57:42 | INFO | 已勾选协议
2025-12-11 at 15:57:42 | INFO | 已提交，即将进入滑块验证码
2025-12-11 at 15:57:42 | INFO | 图片保存成功：slider.png
2025-12-11 at 15:57:42 | INFO | 图片保存成功：background.png
2025-12-11 at 15:59:01 | INFO | 正在初始化
2025-12-11 at 15:59:01 | INFO | 初始化完成
2025-12-11 at 15:59:03 | INFO | 账号输入完成
2025-12-11 at 15:59:05 | INFO | 密码输入完成
2025-12-11 at 15:59:05 | INFO | 已勾选协议
2025-12-11 at 15:59:05 | INFO | 已提交，即将进入滑块验证码
2025-12-11 at 15:59:05 | INFO | 图片保存成功：slider.png
2025-12-11 at 15:59:05 | INFO | 图片保存成功：background.png
2025-12-11 at 16:01:23 | INFO | 正在初始化
2025-12-11 at 16:01:23 | INFO | 初始化完成
2025-12-11 at 16:01:26 | INFO | 账号输入完成
2025-12-11 at 16:01:28 | INFO | 密码输入完成
2025-12-11 at 16:01:28 | INFO | 已勾选协议
2025-12-11 at 16:01:28 | INFO | 已提交，即将进入滑块验证码
2025-12-11 at 16:01:28 | INFO | 图片保存成功：slider.png
2025-12-11 at 16:01:28 | INFO | 图片保存成功：background.png
2025-12-11 at 16:04:24 | INFO | 正在初始化
2025-12-11 at 16:04:24 | INFO | 初始化完成
2025-12-11 at 16:04:26 | INFO | 账号输入完成
2025-12-11 at 16:04:28 | INFO | 密码输入完成
2025-12-11 at 16:04:28 | INFO | 已勾选协议
2025-12-11 at 16:04:28 | INFO | 已提交，即将进入滑块验证码
2025-12-11 at 16:04:28 | INFO | 图片保存成功：slider.png
2025-12-11 at 16:04:28 | INFO | 图片保存成功：background.png
2025-12-11 at 16:04:44 | INFO | 正在初始化
2025-12-11 at 16:04:44 | INFO | 初始化完成
2025-12-11 at 16:04:47 | INFO | 账号输入完成
2025-12-11 at 16:04:49 | INFO | 密码输入完成
2025-12-11 at 16:04:49 | INFO | 已勾选协议
2025-12-11 at 16:04:49 | INFO | 已提交，即将进入滑块验证码
2025-12-11 at 16:04:49 | INFO | 图片保存成功：slider.png
2025-12-11 at 16:04:49 | INFO | 图片保存成功：background.png
2025-12-11 at 16:06:27 | INFO | 正在初始化
2025-12-11 at 16:06:27 | INFO | 初始化完成
2025-12-11 at 16:06:30 | INFO | 账号输入完成
2025-12-11 at 16:06:32 | INFO | 密码输入完成
2025-12-11 at 16:06:32 | INFO | 已勾选协议
2025-12-11 at 16:06:32 | INFO | 已提交，即将进入滑块验证码
2025-12-11 at 16:06:32 | INFO | 图片保存成功：slider.png
2025-12-11 at 16:06:32 | INFO | 图片保存成功：background.png
2025-12-11 at 16:08:40 | INFO | 正在初始化
2025-12-11 at 16:08:40 | INFO | 初始化完成
2025-12-11 at 16:08:43 | INFO | 账号输入完成
2025-12-11 at 16:08:44 | INFO | 密码输入完成
2025-12-11 at 16:08:44 | INFO | 已勾选协议
2025-12-11 at 16:08:45 | INFO | 已提交，即将进入滑块验证码
2025-12-11 at 16:08:45 | INFO | 图片保存成功：slider.png
2025-12-11 at 16:08:45 | INFO | 图片保存成功：background.png
2025-12-11 at 16:09:49 | INFO | 正在初始化
2025-12-11 at 16:09:49 | INFO | 初始化完成
2025-12-11 at 16:09:52 | INFO | 账号输入完成
2025-12-11 at 16:09:54 | INFO | 密码输入完成
2025-12-11 at 16:09:54 | INFO | 已勾选协议
2025-12-11 at 16:09:54 | INFO | 已提交，即将进入滑块验证码
2025-12-11 at 16:09:54 | INFO | 图片保存成功：slider.png
2025-12-11 at 16:09:54 | INFO | 图片保存成功：background.png
2025-12-11 at 16:11:12 | INFO | 正在初始化
2025-12-11 at 16:11:12 | INFO | 初始化完成
2025-12-11 at 16:11:15 | INFO | 账号输入完成
2025-12-11 at 16:11:17 | INFO | 密码输入完成
2025-12-11 at 16:11:17 | INFO | 已勾选协议
2025-12-11 at 16:11:17 | INFO | 已提交，即将进入滑块验证码
2025-12-11 at 16:11:17 | INFO | 图片保存成功：slider.png
2025-12-11 at 16:11:17 | INFO | 图片保存成功：background.png
2025-12-11 at 16:11:30 | INFO | 无学习任务，直接退出
2025-12-11 at 16:12:13 | INFO | 正在初始化
2025-12-11 at 16:12:13 | INFO | 初始化完成
2025-12-11 at 16:12:15 | INFO | 账号输入完成
2025-12-11 at 16:12:17 | INFO | 密码输入完成
2025-12-11 at 16:12:17 | INFO | 已勾选协议
2025-12-11 at 16:12:17 | INFO | 已提交，即将进入滑块验证码
2025-12-11 at 16:12:17 | INFO | 图片保存成功：slider.png
2025-12-11 at 16:12:17 | INFO | 图片保存成功：background.png
2025-12-11 at 16:12:44 | INFO | 无学习任务，直接退出
2025-12-11 at 16:14:47 | INFO | 正在初始化
2025-12-11 at 16:14:47 | INFO | 初始化完成
2025-12-11 at 16:14:50 | INFO | 账号输入完成
2025-12-11 at 16:14:52 | INFO | 密码输入完成
2025-12-11 at 16:14:52 | INFO | 已勾选协议
2025-12-11 at 16:14:52 | INFO | 已提交，即将进入滑块验证码
2025-12-11 at 16:14:52 | INFO | 图片保存成功：slider.png
2025-12-11 at 16:14:52 | INFO | 图片保存成功：background.png
2025-12-11 at 16:15:25 | INFO | 正在初始化
2025-12-11 at 16:15:25 | INFO | 初始化完成
2025-12-11 at 16:15:28 | INFO | 账号输入完成
2025-12-11 at 16:15:30 | INFO | 密码输入完成
2025-12-11 at 16:15:30 | INFO | 已勾选协议
2025-12-11 at 16:15:30 | INFO | 已提交，即将进入滑块验证码
2025-12-11 at 16:15:30 | INFO | 图片保存成功：slider.png
2025-12-11 at 16:15:30 | INFO | 图片保存成功：background.png
2025-12-11 at 16:15:49 | INFO | 无学习任务，直接退出
2025-12-11 at 16:17:15 | INFO | 正在初始化
2025-12-11 at 16:17:15 | INFO | 初始化完成
2025-12-11 at 16:17:15 | INFO | 当前位置：首页
2025-12-11 at 16:17:15 | INFO | 正在进入个人中心
2025-12-11 at 16:17:33 | INFO | 正在初始化
2025-12-11 at 16:17:33 | INFO | 初始化完成
2025-12-11 at 16:17:53 | INFO | 正在初始化
2025-12-11 at 16:17:53 | INFO | 初始化完成
2025-12-11 at 16:18:50 | INFO | 正在初始化
2025-12-11 at 16:18:50 | INFO | 初始化完成
2025-12-11 at 16:19:26 | INFO | 正在初始化
2025-12-11 at 16:19:26 | INFO | 初始化完成
2025-12-11 at 16:19:46 | INFO | 正在初始化
2025-12-11 at 16:19:46 | INFO | 初始化完成
2025-12-11 at 16:20:34 | INFO | 正在初始化
2025-12-11 at 16:20:34 | INFO | 初始化完成
2025-12-11 at 16:20:37 | INFO | 账号输入完成
2025-12-11 at 16:20:38 | INFO | 密码输入完成
2025-12-11 at 16:20:39 | INFO | 已勾选协议
2025-12-11 at 16:20:39 | INFO | 已提交，即将进入滑块验证码
2025-12-11 at 16:20:39 | INFO | 图片保存成功：slider.png
2025-12-11 at 16:20:39 | INFO | 图片保存成功：background.png
2025-12-11 at 16:20:47 | INFO | 无学习任务，直接退出
2025-12-11 at 16:21:33 | INFO | 正在初始化
2025-12-11 at 16:21:33 | INFO | 初始化完成
2025-12-11 at 16:21:35 | INFO | 账号输入完成
2025-12-11 at 16:21:37 | INFO | 密码输入完成
2025-12-11 at 16:21:37 | INFO | 已勾选协议
2025-12-11 at 16:21:37 | INFO | 已提交，即将进入滑块验证码
2025-12-11 at 16:21:37 | INFO | 图片保存成功：slider.png
2025-12-11 at 16:21:37 | INFO | 图片保存成功：background.png
2025-12-11 at 16:22:03 | INFO | 无学习任务，直接退出
2025-12-11 at 16:23:50 | INFO | 正在初始化
2025-12-11 at 16:23:50 | INFO | 初始化完成
2025-12-11 at 16:23:53 | INFO | 账号输入完成
2025-12-11 at 16:23:54 | INFO | 密码输入完成
2025-12-11 at 16:23:54 | INFO | 已勾选协议
2025-12-11 at 16:23:54 | INFO | 已提交，即将进入滑块验证码
2025-12-11 at 16:23:54 | INFO | 图片保存成功：slider.png
2025-12-11 at 16:23:54 | INFO | 图片保存成功：background.png
2025-12-11 at 16:24:08 | INFO | 无学习任务，直接退出
2025-12-11 at 16:24:30 | INFO | 正在初始化
2025-12-11 at 16:24:30 | INFO | 初始化完成
2025-12-11 at 16:24:32 | INFO | 账号输入完成
2025-12-11 at 16:24:34 | INFO | 密码输入完成
2025-12-11 at 16:24:34 | INFO | 已勾选协议
2025-12-11 at 16:24:34 | INFO | 已提交，即将进入滑块验证码
2025-12-11 at 16:24:34 | INFO | 图片保存成功：slider.png
2025-12-11 at 16:24:34 | INFO | 图片保存成功：background.png
2025-12-11 at 16:24:40 | INFO | 无学习任务，直接退出
2025-12-11 at 16:25:38 | INFO | 正在初始化
2025-12-11 at 16:25:38 | INFO | 初始化完成
2025-12-11 at 16:25:40 | INFO | 账号输入完成
2025-12-11 at 16:25:42 | INFO | 密码输入完成
2025-12-11 at 16:25:42 | INFO | 已勾选协议
2025-12-11 at 16:25:42 | INFO | 已提交，即将进入滑块验证码
2025-12-11 at 16:25:42 | INFO | 图片保存成功：slider.png
2025-12-11 at 16:25:42 | INFO | 图片保存成功：background.png
2025-12-11 at 16:25:49 | INFO | 无学习任务，直接退出
2025-12-11 at 16:27:32 | INFO | 正在初始化
2025-12-11 at 16:27:32 | INFO | 初始化完成
2025-12-11 at 16:27:35 | INFO | 账号输入完成
2025-12-11 at 16:27:37 | INFO | 密码输入完成
2025-12-11 at 16:27:37 | INFO | 已勾选协议
2025-12-11 at 16:27:37 | INFO | 已提交，即将进入滑块验证码
2025-12-11 at 16:27:37 | INFO | 图片保存成功：slider.png
2025-12-11 at 16:27:37 | INFO | 图片保存成功：background.png
2025-12-11 at 16:27:41 | ERROR | 验证失败，正在重试
2025-12-11 at 16:27:41 | INFO | 图片保存成功：slider.png
2025-12-11 at 16:27:41 | INFO | 图片保存成功：background.png
2025-12-11 at 16:27:42 | ERROR | 验证失败，正在重试
2025-12-11 at 16:27:42 | INFO | 图片保存成功：slider.png
2025-12-11 at 16:27:42 | INFO | 图片保存成功：background.png
2025-12-11 at 16:47:36 | INFO | 正在初始化
2025-12-11 at 16:47:36 | INFO | 初始化完成
2025-12-11 at 16:47:39 | INFO | 账号输入完成
2025-12-11 at 16:47:41 | INFO | 密码输入完成
2025-12-11 at 16:47:41 | INFO | 已勾选协议
2025-12-11 at 16:47:41 | INFO | 已提交，即将进入滑块验证码
2025-12-11 at 16:47:41 | INFO | 图片保存成功：slider.png
2025-12-11 at 16:47:41 | INFO | 图片保存成功：background.png
2025-12-11 at 16:47:45 | ERROR | 验证失败，正在重试
2025-12-11 at 16:47:45 | INFO | 图片保存成功：slider.png
2025-12-11 at 16:47:45 | INFO | 图片保存成功：background.png
2025-12-11 at 16:49:10 | INFO | 正在初始化
2025-12-11 at 16:49:10 | INFO | 初始化完成
2025-12-11 at 16:49:13 | INFO | 账号输入完成
2025-12-11 at 16:49:15 | INFO | 密码输入完成
2025-12-11 at 16:49:15 | INFO | 已勾选协议
2025-12-11 at 16:49:15 | INFO | 已提交，即将进入滑块验证码
2025-12-11 at 16:49:15 | INFO | 图片保存成功：slider.png
2025-12-11 at 16:49:15 | INFO | 图片保存成功：background.png
2025-12-11 at 16:50:14 | ERROR | 验证失败，正在重试
2025-12-11 at 16:50:14 | INFO | 图片保存成功：slider.png
2025-12-11 at 16:50:14 | INFO | 图片保存成功：background.png
2025-12-11 at 16:57:23 | INFO | 正在初始化
2025-12-11 at 16:57:23 | INFO | 初始化完成
2025-12-11 at 16:57:27 | INFO | 账号输入完成
2025-12-11 at 16:57:28 | INFO | 密码输入完成
2025-12-11 at 16:57:29 | INFO | 已勾选协议
2025-12-11 at 16:57:29 | INFO | 已提交，即将进入滑块验证码
2025-12-11 at 16:57:29 | INFO | 图片保存成功：slider.png
2025-12-11 at 16:57:29 | INFO | 图片保存成功：background.png
2025-12-11 at 16:57:36 | ERROR | 验证失败，正在重试
2025-12-11 at 16:57:36 | INFO | 图片保存成功：slider.png
2025-12-11 at 16:57:36 | INFO | 图片保存成功：background.png
2025-12-11 at 17:02:02 | INFO | 正在初始化
2025-12-11 at 17:02:02 | INFO | 初始化完成
2025-12-11 at 17:02:05 | INFO | 账号输入完成
2025-12-11 at 17:02:07 | INFO | 密码输入完成
2025-12-11 at 17:02:07 | INFO | 已勾选协议
2025-12-11 at 17:02:07 | INFO | 已提交，即将进入滑块验证码
2025-12-11 at 17:02:07 | INFO | 图片保存成功：slider.png
2025-12-11 at 17:02:07 | INFO | 图片保存成功：background.png
2025-12-11 at 17:03:03 | INFO | 正在初始化
2025-12-11 at 17:03:03 | INFO | 初始化完成
2025-12-11 at 17:03:06 | INFO | 账号输入完成
2025-12-11 at 17:03:09 | INFO | 密码输入完成
2025-12-11 at 17:03:09 | INFO | 已勾选协议
2025-12-11 at 17:03:09 | INFO | 已提交，即将进入滑块验证码
2025-12-11 at 17:03:09 | INFO | 图片保存成功：slider.png
2025-12-11 at 17:03:09 | INFO | 图片保存成功：background.png
2025-12-11 at 17:04:16 | INFO | 正在初始化
2025-12-11 at 17:04:16 | INFO | 初始化完成
2025-12-11 at 17:04:20 | INFO | 账号输入完成
2025-12-11 at 17:04:22 | INFO | 密码输入完成
2025-12-11 at 17:04:23 | INFO | 已勾选协议
2025-12-11 at 17:04:23 | INFO | 已提交，即将进入滑块验证码
2025-12-11 at 17:04:23 | INFO | 图片保存成功：slider.png
2025-12-11 at 17:04:23 | INFO | 图片保存成功：background.png
2025-12-11 at 17:04:41 | ERROR | 验证失败，正在重试
2025-12-11 at 17:04:41 | INFO | 图片保存成功：slider.png
2025-12-11 at 17:04:41 | INFO | 图片保存成功：background.png
2025-12-11 at 17:06:02 | INFO | 正在初始化
2025-12-11 at 17:06:02 | INFO | 初始化完成
2025-12-11 at 17:06:05 | INFO | 账号输入完成
2025-12-11 at 17:06:08 | INFO | 密码输入完成
2025-12-11 at 17:06:08 | INFO | 已勾选协议
2025-12-11 at 17:06:08 | INFO | 已提交，即将进入滑块验证码
2025-12-11 at 17:06:08 | INFO | 图片保存成功：slider.png
2025-12-11 at 17:06:08 | INFO | 图片保存成功：background.png
2025-12-11 at 17:06:13 | ERROR | 验证失败，正在重试
2025-12-11 at 17:06:13 | INFO | 图片保存成功：slider.png
2025-12-11 at 17:06:13 | INFO | 图片保存成功：background.png
2025-12-11 at 17:07:27 | INFO | 正在初始化
2025-12-11 at 17:07:27 | INFO | 初始化完成
2025-12-11 at 17:07:42 | INFO | 正在初始化
2025-12-11 at 17:07:42 | INFO | 初始化完成
2025-12-11 at 17:08:04 | INFO | 正在初始化
2025-12-11 at 17:08:04 | INFO | 初始化完成
2025-12-11 at 17:09:43 | INFO | 正在初始化
2025-12-11 at 17:09:43 | INFO | 初始化完成
2025-12-11 at 17:09:45 | INFO | 账号输入完成
2025-12-11 at 17:09:47 | INFO | 密码输入完成
2025-12-11 at 17:09:47 | INFO | 已勾选协议
2025-12-11 at 17:09:47 | INFO | 已提交，即将进入滑块验证码
2025-12-11 at 17:09:47 | INFO | 图片保存成功：slider.png
2025-12-11 at 17:09:47 | INFO | 图片保存成功：background.png
2025-12-11 at 17:09:54 | ERROR | 验证失败，正在重试
2025-12-11 at 17:09:54 | INFO | 图片保存成功：slider.png
2025-12-11 at 17:09:54 | INFO | 图片保存成功：background.png
2025-12-11 at 17:09:55 | ERROR | 验证失败，正在重试
2025-12-11 at 17:09:55 | INFO | 图片保存成功：slider.png
2025-12-11 at 17:09:55 | INFO | 图片保存成功：background.png
2025-12-11 at 17:11:41 | INFO | 正在初始化
2025-12-11 at 17:11:41 | INFO | 初始化完成
2025-12-11 at 17:11:44 | INFO | 账号输入完成
2025-12-11 at 17:11:45 | INFO | 密码输入完成
2025-12-11 at 17:11:45 | INFO | 已勾选协议
2025-12-11 at 17:11:45 | INFO | 已提交，即将进入滑块验证码
2025-12-11 at 17:11:45 | INFO | 图片保存成功：slider.png
2025-12-11 at 17:11:45 | INFO | 图片保存成功：background.png
2025-12-11 at 17:11:49 | ERROR | 验证失败，正在重试
2025-12-11 at 17:11:49 | INFO | 图片保存成功：slider.png
2025-12-11 at 17:11:49 | INFO | 图片保存成功：background.png
2025-12-11 at 17:11:50 | ERROR | 验证失败，正在重试
2025-12-11 at 17:11:50 | INFO | 图片保存成功：slider.png
2025-12-11 at 17:11:50 | INFO | 图片保存成功：background.png
2025-12-11 at 17:15:23 | INFO | 正在初始化
2025-12-11 at 17:15:23 | INFO | 初始化完成
2025-12-11 at 17:15:25 | INFO | 账号输入完成
2025-12-11 at 17:15:27 | INFO | 密码输入完成
2025-12-11 at 17:15:27 | INFO | 已勾选协议
2025-12-11 at 17:15:27 | INFO | 已提交，即将进入滑块验证码
2025-12-11 at 17:15:27 | INFO | 图片保存成功：slider.png
2025-12-11 at 17:15:27 | INFO | 图片保存成功：background.png
2025-12-11 at 17:15:31 | ERROR | 验证失败，正在重试
2025-12-11 at 17:15:31 | INFO | 图片保存成功：slider.png
2025-12-11 at 17:15:31 | INFO | 图片保存成功：background.png
2025-12-11 at 17:19:06 | INFO | 正在初始化
2025-12-11 at 17:19:06 | INFO | 初始化完成
2025-12-11 at 17:19:09 | INFO | 账号输入完成
2025-12-11 at 17:19:11 | INFO | 密码输入完成
2025-12-11 at 17:19:11 | INFO | 已勾选协议
2025-12-11 at 17:19:11 | INFO | 已提交，即将进入滑块验证码
2025-12-11 at 17:19:11 | INFO | 图片保存成功：slider.png
2025-12-11 at 17:19:11 | INFO | 图片保存成功：background.png
2025-12-11 at 17:19:14 | ERROR | 验证失败，正在重试
2025-12-11 at 17:19:48 | INFO | 正在初始化
2025-12-11 at 17:19:48 | INFO | 初始化完成
2025-12-11 at 17:19:51 | INFO | 账号输入完成
2025-12-11 at 17:19:52 | INFO | 密码输入完成
2025-12-11 at 17:19:52 | INFO | 已勾选协议
2025-12-11 at 17:19:52 | INFO | 已提交，即将进入滑块验证码
2025-12-11 at 17:19:53 | INFO | 图片保存成功：slider.png
2025-12-11 at 17:19:53 | INFO | 图片保存成功：background.png
2025-12-11 at 17:19:55 | ERROR | 验证失败，正在重试
2025-12-11 at 17:20:36 | INFO | 正在初始化
2025-12-11 at 17:20:36 | INFO | 初始化完成
2025-12-11 at 17:20:38 | INFO | 账号输入完成
2025-12-11 at 17:20:40 | INFO | 密码输入完成
2025-12-11 at 17:20:40 | INFO | 已勾选协议
2025-12-11 at 17:20:40 | INFO | 已提交，即将进入滑块验证码
2025-12-11 at 17:20:40 | INFO | 图片保存成功：slider.png
2025-12-11 at 17:20:40 | INFO | 图片保存成功：background.png
2025-12-11 at 17:20:46 | ERROR | 验证失败，正在重试
2025-12-11 at 17:36:31 | INFO | 正在初始化
2025-12-11 at 17:36:31 | INFO | 初始化完成
2025-12-11 at 17:36:31 | INFO | 当前位置：首页
2025-12-11 at 17:36:32 | INFO | 正在进入个人中心
2025-12-11 at 17:36:36 | INFO | 无学习任务，直接退出
2025-12-11 at 17:37:03 | INFO | 正在初始化
2025-12-11 at 17:37:03 | INFO | 初始化完成
2025-12-11 at 17:37:06 | INFO | 账号输入完成
2025-12-11 at 17:37:08 | INFO | 密码输入完成
2025-12-11 at 17:37:08 | INFO | 已勾选协议
2025-12-11 at 17:37:08 | INFO | 已提交，即将进入滑块验证码
2025-12-11 at 17:37:08 | INFO | 图片保存成功：slider.png
2025-12-11 at 17:37:08 | INFO | 图片保存成功：background.png
2025-12-11 at 17:37:15 | INFO | 无学习任务，直接退出
2025-12-11 at 17:38:21 | INFO | 正在初始化
2025-12-11 at 17:38:21 | INFO | 初始化完成
2025-12-11 at 17:38:24 | INFO | 账号输入完成
2025-12-11 at 17:38:26 | INFO | 密码输入完成
2025-12-11 at 17:38:26 | INFO | 已勾选协议
2025-12-11 at 17:38:26 | INFO | 已提交，即将进入滑块验证码
2025-12-11 at 17:38:26 | INFO | 图片保存成功：slider.png
2025-12-11 at 17:38:26 | INFO | 图片保存成功：background.png
2025-12-11 at 17:38:35 | INFO | 无学习任务，直接退出
2025-12-12 at 08:39:51 | INFO | 正在初始化
2025-12-12 at 08:39:51 | INFO | 初始化完成
2025-12-12 at 08:39:54 | INFO | 账号输入完成
2025-12-12 at 08:39:56 | INFO | 密码输入完成
2025-12-12 at 08:39:56 | INFO | 已勾选协议
2025-12-12 at 08:39:56 | INFO | 已提交，即将进入滑块验证码
2025-12-12 at 08:39:56 | INFO | 图片保存成功：slider.png
2025-12-12 at 08:39:56 | INFO | 图片保存成功：background.png
2025-12-12 at 08:40:05 | INFO | 无学习任务，直接退出
2025-12-12 at 08:49:00 | INFO | 正在初始化
2025-12-12 at 08:49:00 | INFO | 初始化完成
2025-12-12 at 08:49:04 | INFO | 账号输入完成
2025-12-12 at 08:49:05 | INFO | 密码输入完成
2025-12-12 at 08:49:05 | INFO | 已勾选协议
2025-12-12 at 08:49:06 | INFO | 已提交，即将进入滑块验证码
2025-12-12 at 08:49:06 | INFO | 图片保存成功：slider.png
2025-12-12 at 08:49:06 | INFO | 图片保存成功：background.png
2025-12-12 at 08:49:45 | INFO | 正在初始化
2025-12-12 at 08:49:45 | INFO | 初始化完成
2025-12-12 at 08:49:48 | INFO | 账号输入完成
2025-12-12 at 08:49:49 | INFO | 密码输入完成
2025-12-12 at 08:49:49 | INFO | 已勾选协议
2025-12-12 at 08:49:50 | INFO | 已提交，即将进入滑块验证码
2025-12-12 at 08:49:50 | INFO | 图片保存成功：slider.png
2025-12-12 at 08:49:50 | INFO | 图片保存成功：background.png
2025-12-12 at 08:50:03 | INFO | 无学习任务，直接退出
2025-12-12 at 08:54:46 | INFO | 正在初始化
2025-12-12 at 08:54:46 | INFO | 初始化完成
2025-12-12 at 08:54:49 | INFO | 账号输入完成
2025-12-12 at 08:54:51 | INFO | 密码输入完成
2025-12-12 at 08:54:51 | INFO | 已勾选协议
2025-12-12 at 08:54:51 | INFO | 已提交，即将进入滑块验证码
2025-12-12 at 08:54:51 | INFO | 图片保存成功：slider.png
2025-12-12 at 08:54:51 | INFO | 图片保存成功：background.png
2025-12-12 at 08:55:39 | INFO | 正在初始化
2025-12-12 at 08:55:39 | INFO | 初始化完成
2025-12-12 at 08:55:42 | INFO | 账号输入完成
2025-12-12 at 08:55:44 | INFO | 密码输入完成
2025-12-12 at 08:55:44 | INFO | 已勾选协议
2025-12-12 at 08:55:44 | INFO | 已提交，即将进入滑块验证码
2025-12-12 at 08:55:44 | INFO | 图片保存成功：slider.png
2025-12-12 at 08:55:44 | INFO | 图片保存成功：background.png
2025-12-12 at 08:55:55 | INFO | 无学习任务，直接退出
2025-12-12 at 09:20:25 | INFO | 正在初始化
2025-12-12 at 09:20:25 | INFO | 初始化完成
2025-12-12 at 09:20:28 | INFO | 账号输入完成
2025-12-12 at 09:20:29 | INFO | 密码输入完成
2025-12-12 at 09:20:29 | INFO | 已勾选协议
2025-12-12 at 09:20:30 | INFO | 已提交，即将进入滑块验证码
2025-12-12 at 09:20:30 | INFO | 图片保存成功：slider.png
2025-12-12 at 09:20:30 | INFO | 图片保存成功：background.png
2025-12-12 at 09:20:32 | INFO | 图片保存成功：slider.png
2025-12-12 at 09:20:32 | INFO | 图片保存成功：background.png
2025-12-12 at 09:28:28 | INFO | 正在初始化
2025-12-12 at 09:28:28 | INFO | 初始化完成
2025-12-12 at 09:28:31 | INFO | 账号输入完成
2025-12-12 at 09:28:33 | INFO | 密码输入完成
2025-12-12 at 09:28:33 | INFO | 已勾选协议
2025-12-12 at 09:28:33 | INFO | 已提交，即将进入滑块验证码
2025-12-12 at 09:28:33 | INFO | 图片保存成功：slider.png
2025-12-12 at 09:28:33 | INFO | 图片保存成功：background.png
2025-12-12 at 09:28:56 | INFO | 正在初始化
2025-12-12 at 09:28:56 | INFO | 初始化完成
2025-12-12 at 09:28:59 | INFO | 账号输入完成
2025-12-12 at 09:29:01 | INFO | 密码输入完成
2025-12-12 at 09:29:01 | INFO | 已勾选协议
2025-12-12 at 09:29:01 | INFO | 已提交，即将进入滑块验证码
2025-12-12 at 09:29:01 | INFO | 图片保存成功：slider.png
2025-12-12 at 09:29:01 | INFO | 图片保存成功：background.png
2025-12-12 at 09:29:06 | INFO | 图片保存成功：slider.png
2025-12-12 at 09:29:06 | INFO | 图片保存成功：background.png
2025-12-12 at 09:29:23 | INFO | 无学习任务，直接退出
2025-12-12 at 09:31:33 | INFO | 正在初始化
2025-12-12 at 09:31:33 | INFO | 初始化完成
2025-12-12 at 09:31:36 | INFO | 账号输入完成
2025-12-12 at 09:31:38 | INFO | 密码输入完成
2025-12-12 at 09:31:38 | INFO | 已勾选协议
2025-12-12 at 09:31:38 | INFO | 已提交，即将进入滑块验证码
2025-12-12 at 09:31:38 | INFO | 图片保存成功：slider.png
2025-12-12 at 09:31:38 | INFO | 图片保存成功：background.png
2025-12-12 at 09:31:47 | ERROR | 验证失败，正在重试
2025-12-12 at 09:32:49 | INFO | 正在初始化
2025-12-12 at 09:32:49 | INFO | 初始化完成
2025-12-12 at 09:32:52 | INFO | 账号输入完成
2025-12-12 at 09:32:54 | INFO | 密码输入完成
2025-12-12 at 09:32:54 | INFO | 已勾选协议
2025-12-12 at 09:32:54 | INFO | 已提交，即将进入滑块验证码
2025-12-12 at 09:32:54 | INFO | 图片保存成功：slider.png
2025-12-12 at 09:32:54 | INFO | 图片保存成功：background.png
2025-12-12 at 09:33:04 | ERROR | 验证失败，正在重试
2025-12-12 at 09:43:27 | INFO | 正在初始化
2025-12-12 at 09:43:27 | INFO | 初始化完成
2025-12-12 at 09:43:35 | INFO | 账号输入完成
2025-12-12 at 09:43:37 | INFO | 密码输入完成
2025-12-12 at 09:43:37 | INFO | 已勾选协议
2025-12-12 at 09:43:37 | INFO | 已提交，即将进入滑块验证码
2025-12-12 at 09:43:37 | INFO | 图片保存成功：slider.png
2025-12-12 at 09:43:37 | INFO | 图片保存成功：background.png
2025-12-12 at 09:50:05 | INFO | 正在初始化
2025-12-12 at 09:50:05 | INFO | 初始化完成
2025-12-12 at 09:50:09 | INFO | 账号输入完成
2025-12-12 at 09:50:11 | INFO | 密码输入完成
2025-12-12 at 09:50:11 | INFO | 已勾选协议
2025-12-12 at 09:50:11 | INFO | 已提交，即将进入滑块验证码
2025-12-12 at 09:50:11 | INFO | 图片保存成功：slider.png
2025-12-12 at 09:50:11 | INFO | 图片保存成功：background.png
2025-12-12 at 09:50:36 | INFO | 正在初始化
2025-12-12 at 09:50:36 | INFO | 初始化完成
2025-12-12 at 09:50:39 | INFO | 账号输入完成
2025-12-12 at 09:50:41 | INFO | 密码输入完成
2025-12-12 at 09:50:41 | INFO | 已勾选协议
2025-12-12 at 09:50:41 | INFO | 已提交，即将进入滑块验证码
2025-12-12 at 09:50:41 | INFO | 图片保存成功：slider.png
2025-12-12 at 09:50:41 | INFO | 图片保存成功：background.png
2025-12-12 at 14:14:10 | INFO | 正在初始化
2025-12-12 at 14:14:10 | INFO | 初始化完成
2025-12-12 at 14:14:13 | INFO | 账号输入完成
2025-12-12 at 14:14:15 | INFO | 密码输入完成
2025-12-12 at 14:14:15 | INFO | 已勾选协议
2025-12-12 at 14:14:15 | INFO | 已提交，即将进入滑块验证码
2025-12-12 at 14:14:15 | INFO | 图片保存成功：slider.png
2025-12-12 at 14:14:15 | INFO | 图片保存成功：background.png
2025-12-12 at 14:14:25 | INFO | 无学习任务，直接退出
2025-12-12 at 14:15:35 | INFO | 正在初始化
2025-12-12 at 14:15:35 | INFO | 初始化完成
2025-12-12 at 14:15:38 | INFO | 账号输入完成
2025-12-12 at 14:15:40 | INFO | 密码输入完成
2025-12-12 at 14:15:40 | INFO | 已勾选协议
2025-12-12 at 14:15:40 | INFO | 已提交，即将进入滑块验证码
2025-12-12 at 14:15:40 | INFO | 图片保存成功：slider.png
2025-12-12 at 14:15:40 | INFO | 图片保存成功：background.png
2025-12-12 at 14:15:45 | ERROR | 验证失败
2025-12-12 at 14:16:25 | INFO | 正在初始化
2025-12-12 at 14:16:25 | INFO | 初始化完成
2025-12-12 at 14:16:27 | INFO | 账号输入完成
2025-12-12 at 14:16:29 | INFO | 密码输入完成
2025-12-12 at 14:16:29 | INFO | 已勾选协议
2025-12-12 at 14:16:29 | INFO | 已提交，即将进入滑块验证码
2025-12-12 at 14:16:29 | INFO | 图片保存成功：slider.png
2025-12-12 at 14:16:29 | INFO | 图片保存成功：background.png
2025-12-12 at 14:16:56 | INFO | 正在初始化
2025-12-12 at 14:16:56 | INFO | 初始化完成
2025-12-12 at 14:16:59 | INFO | 账号输入完成
2025-12-12 at 14:17:01 | INFO | 密码输入完成
2025-12-12 at 14:17:01 | INFO | 已勾选协议
2025-12-12 at 14:17:01 | INFO | 已提交，即将进入滑块验证码
2025-12-12 at 14:17:01 | INFO | 图片保存成功：slider.png
2025-12-12 at 14:17:01 | INFO | 图片保存成功：background.png
2025-12-12 at 14:17:13 | ERROR | 验证失败
2025-12-12 at 15:32:20 | INFO | 正在初始化
2025-12-12 at 15:32:20 | INFO | 初始化完成
2025-12-12 at 15:32:23 | INFO | 账号输入完成
2025-12-12 at 15:32:25 | INFO | 密码输入完成
2025-12-12 at 15:32:25 | INFO | 已勾选协议
2025-12-12 at 15:32:25 | INFO | 已提交，即将进入滑块验证码
2025-12-12 at 15:32:25 | INFO | 图片保存成功：slider.png
2025-12-12 at 15:32:25 | INFO | 图片保存成功：background.png
2025-12-12 at 15:33:06 | INFO | 正在初始化
2025-12-12 at 15:33:06 | INFO | 初始化完成
2025-12-12 at 15:33:09 | INFO | 账号输入完成
2025-12-12 at 15:33:11 | INFO | 密码输入完成
2025-12-12 at 15:33:11 | INFO | 已勾选协议
2025-12-12 at 15:33:11 | INFO | 已提交，即将进入滑块验证码
2025-12-12 at 15:33:11 | INFO | 图片保存成功：slider.png
2025-12-12 at 15:33:11 | INFO | 图片保存成功：background.png
2025-12-12 at 15:35:32 | INFO | 正在初始化
2025-12-12 at 15:35:32 | INFO | 初始化完成
2025-12-12 at 15:35:34 | INFO | 账号输入完成
2025-12-12 at 15:35:36 | INFO | 密码输入完成
2025-12-12 at 15:35:36 | INFO | 已勾选协议
2025-12-12 at 15:35:36 | INFO | 已提交，即将进入滑块验证码
2025-12-12 at 15:35:36 | INFO | 图片保存成功：slider.png
2025-12-12 at 15:35:36 | INFO | 图片保存成功：background.png
2025-12-12 at 15:35:41 | ERROR | 验证失败，正在重试
2025-12-12 at 15:35:42 | INFO | 图片保存成功：slider.png
2025-12-12 at 15:35:42 | INFO | 图片保存成功：background.png
2025-12-12 at 15:35:55 | INFO | 无学习任务，直接退出
2025-12-12 at 15:39:27 | INFO | 正在初始化
2025-12-12 at 15:39:27 | INFO | 初始化完成
2025-12-12 at 15:39:30 | INFO | 账号输入完成
2025-12-12 at 15:39:32 | INFO | 密码输入完成
2025-12-12 at 15:39:32 | INFO | 已勾选协议
2025-12-12 at 15:39:32 | INFO | 已提交，即将进入滑块验证码
2025-12-12 at 15:39:32 | ERROR | 验证失败
2025-12-12 at 15:40:57 | INFO | 正在初始化
2025-12-12 at 15:40:57 | INFO | 初始化完成
2025-12-12 at 15:41:00 | INFO | 账号输入完成
2025-12-12 at 15:41:02 | INFO | 密码输入完成
2025-12-12 at 15:41:02 | INFO | 已勾选协议
2025-12-12 at 15:41:02 | INFO | 已提交，即将进入滑块验证码
2025-12-12 at 15:41:02 | INFO | 图片保存成功：slider.png
2025-12-12 at 15:41:02 | INFO | 图片保存成功：background.png
2025-12-12 at 15:41:31 | INFO | 正在初始化
2025-12-12 at 15:41:31 | INFO | 初始化完成
2025-12-12 at 15:41:34 | INFO | 账号输入完成
2025-12-12 at 15:41:36 | INFO | 密码输入完成
2025-12-12 at 15:41:36 | INFO | 已勾选协议
2025-12-12 at 15:41:37 | INFO | 已提交，即将进入滑块验证码
2025-12-12 at 15:41:37 | INFO | 图片保存成功：slider.png
2025-12-12 at 15:41:37 | INFO | 图片保存成功：background.png
2025-12-12 at 15:41:43 | ERROR | 验证失败
2025-12-12 at 15:43:49 | INFO | 正在初始化
2025-12-12 at 15:43:49 | INFO | 初始化完成
2025-12-12 at 15:43:49 | INFO | 当前位置：首页
2025-12-12 at 15:43:50 | INFO | 正在进入个人中心
2025-12-12 at 15:43:54 | INFO | 无学习任务，直接退出
2025-12-12 at 15:44:25 | INFO | 正在初始化
2025-12-12 at 15:44:25 | INFO | 初始化完成
2025-12-12 at 15:44:28 | INFO | 账号输入完成
2025-12-12 at 15:44:30 | INFO | 密码输入完成
2025-12-12 at 15:44:31 | INFO | 已勾选协议
2025-12-12 at 15:44:31 | INFO | 已提交，即将进入滑块验证码
2025-12-12 at 15:44:31 | INFO | 图片保存成功：slider.png
2025-12-12 at 15:44:31 | INFO | 图片保存成功：background.png
2025-12-12 at 15:44:41 | ERROR | 验证失败，正在重试
2025-12-12 at 15:44:41 | INFO | 图片保存成功：slider.png
2025-12-12 at 15:44:41 | INFO | 图片保存成功：background.png
2025-12-12 at 15:44:48 | ERROR | 验证失败，正在重试
2025-12-12 at 15:44:48 | INFO | 图片保存成功：slider.png
2025-12-12 at 15:44:48 | INFO | 图片保存成功：background.png
2025-12-12 at 15:44:54 | ERROR | 验证失败，正在重试
2025-12-12 at 15:44:54 | INFO | 图片保存成功：slider.png
2025-12-12 at 15:44:54 | INFO | 图片保存成功：background.png
2025-12-12 at 15:45:00 | ERROR | 验证失败，正在重试
2025-12-12 at 15:45:00 | INFO | 图片保存成功：slider.png
2025-12-12 at 15:45:00 | INFO | 图片保存成功：background.png
2025-12-12 at 15:45:09 | ERROR | 验证失败，正在重试
2025-12-12 at 15:45:09 | INFO | 图片保存成功：slider.png
2025-12-12 at 15:45:09 | INFO | 图片保存成功：background.png
2025-12-12 at 15:45:17 | ERROR | 验证失败，正在重试
2025-12-12 at 15:45:18 | INFO | 图片保存成功：slider.png
2025-12-12 at 15:45:18 | INFO | 图片保存成功：background.png
2025-12-12 at 15:45:44 | ERROR | 验证失败，正在重试
2025-12-12 at 15:45:44 | INFO | 图片保存成功：slider.png
2025-12-12 at 15:45:44 | INFO | 图片保存成功：background.png
2025-12-12 at 15:45:50 | ERROR | 验证失败，正在重试
2025-12-12 at 15:45:50 | INFO | 图片保存成功：slider.png
2025-12-12 at 15:45:50 | INFO | 图片保存成功：background.png
2025-12-12 at 15:45:57 | ERROR | 验证失败，正在重试
2025-12-12 at 15:45:57 | INFO | 图片保存成功：slider.png
2025-12-12 at 15:45:57 | INFO | 图片保存成功：background.png
2025-12-12 at 15:46:04 | ERROR | 验证失败，正在重试
2025-12-12 at 15:46:04 | INFO | 图片保存成功：slider.png
2025-12-12 at 15:46:04 | INFO | 图片保存成功：background.png
2025-12-12 at 15:49:39 | INFO | 正在初始化
2025-12-12 at 15:49:39 | INFO | 初始化完成
2025-12-12 at 15:49:43 | INFO | 账号输入完成
2025-12-12 at 15:49:45 | INFO | 密码输入完成
2025-12-12 at 15:49:45 | INFO | 已勾选协议
2025-12-12 at 15:49:45 | INFO | 已提交，即将进入滑块验证码
2025-12-12 at 15:49:45 | INFO | 图片保存成功：slider.png
2025-12-12 at 15:49:45 | INFO | 图片保存成功：background.png
2025-12-12 at 15:50:11 | INFO | 正在初始化
2025-12-12 at 15:50:11 | INFO | 初始化完成
2025-12-12 at 15:50:15 | INFO | 账号输入完成
2025-12-12 at 15:50:17 | INFO | 密码输入完成
2025-12-12 at 15:50:17 | INFO | 已勾选协议
2025-12-12 at 15:50:17 | INFO | 已提交，即将进入滑块验证码
2025-12-12 at 15:50:17 | INFO | 图片保存成功：slider.png
2025-12-12 at 15:50:17 | INFO | 图片保存成功：background.png
2025-12-12 at 15:50:27 | ERROR | 验证失败，正在重试
2025-12-12 at 15:50:27 | INFO | 图片保存成功：slider.png
2025-12-12 at 15:50:27 | INFO | 图片保存成功：background.png
2025-12-12 at 15:50:35 | ERROR | 验证失败，正在重试
2025-12-12 at 15:50:35 | INFO | 图片保存成功：slider.png
2025-12-12 at 15:50:35 | INFO | 图片保存成功：background.png
2025-12-12 at 15:50:46 | ERROR | 验证失败，正在重试
2025-12-12 at 15:50:46 | INFO | 图片保存成功：slider.png
2025-12-12 at 15:50:46 | INFO | 图片保存成功：background.png
2025-12-12 at 15:50:56 | ERROR | 验证失败，正在重试
2025-12-12 at 15:50:57 | INFO | 图片保存成功：slider.png
2025-12-12 at 15:50:57 | INFO | 图片保存成功：background.png
2025-12-12 at 15:51:24 | ERROR | 验证失败
2025-12-12 at 15:54:53 | INFO | 正在初始化
2025-12-12 at 15:54:53 | INFO | 初始化完成
2025-12-12 at 15:54:56 | INFO | 账号输入完成
2025-12-12 at 15:54:58 | INFO | 密码输入完成
2025-12-12 at 15:54:59 | INFO | 已勾选协议
2025-12-12 at 15:54:59 | INFO | 已提交，即将进入滑块验证码
2025-12-12 at 15:54:59 | INFO | 图片保存成功：slider.png
2025-12-12 at 15:54:59 | INFO | 图片保存成功：background.png
2025-12-12 at 15:55:07 | ERROR | 验证失败，正在重试
2025-12-12 at 15:55:07 | INFO | 图片保存成功：slider.png
2025-12-12 at 15:55:07 | INFO | 图片保存成功：background.png
2025-12-12 at 15:55:14 | ERROR | 验证失败，正在重试
2025-12-12 at 15:55:14 | INFO | 图片保存成功：slider.png
2025-12-12 at 15:55:14 | INFO | 图片保存成功：background.png
2025-12-12 at 15:55:23 | ERROR | 验证失败，正在重试
2025-12-12 at 15:55:23 | INFO | 图片保存成功：slider.png
2025-12-12 at 15:55:23 | INFO | 图片保存成功：background.png
2025-12-12 at 15:55:29 | ERROR | 验证失败，正在重试
2025-12-12 at 15:55:29 | INFO | 图片保存成功：slider.png
2025-12-12 at 15:55:29 | INFO | 图片保存成功：background.png
2025-12-12 at 15:55:36 | ERROR | 验证失败，正在重试
2025-12-12 at 15:55:36 | INFO | 图片保存成功：slider.png
2025-12-12 at 15:55:36 | INFO | 图片保存成功：background.png
2025-12-12 at 15:56:18 | ERROR | 验证失败
2025-12-12 at 15:57:16 | INFO | 正在初始化
2025-12-12 at 15:57:16 | INFO | 初始化完成
2025-12-12 at 15:57:16 | INFO | 当前位置：首页
2025-12-12 at 15:57:17 | INFO | 正在进入个人中心
2025-12-12 at 15:57:21 | INFO | 无学习任务，直接退出
2025-12-12 at 15:59:06 | INFO | 正在初始化
2025-12-12 at 15:59:06 | INFO | 初始化完成
2025-12-12 at 15:59:58 | INFO | 正在初始化
2025-12-12 at 15:59:58 | INFO | 初始化完成
2025-12-12 at 15:59:58 | INFO | 当前位置：个人中心
2025-12-12 at 15:59:59 | INFO | 正在进入我的任务
2025-12-12 at 16:00:03 | INFO | 无学习任务，直接退出
2025-12-12 at 16:00:40 | INFO | 正在初始化
2025-12-12 at 16:00:40 | INFO | 初始化完成
2025-12-12 at 16:01:55 | INFO | 正在初始化
2025-12-12 at 16:01:55 | INFO | 初始化完成
2025-12-12 at 16:01:55 | INFO | 当前位置：个人中心
2025-12-12 at 16:01:56 | INFO | 正在进入我的任务
2025-12-12 at 16:08:13 | INFO | 正在初始化
2025-12-12 at 16:08:13 | INFO | 初始化完成
2025-12-12 at 16:08:13 | INFO | 当前位置：个人中心
2025-12-12 at 16:08:29 | INFO | 正在初始化
2025-12-12 at 16:08:29 | INFO | 初始化完成
2025-12-12 at 16:08:29 | INFO | 当前位置：个人中心
2025-12-12 at 16:08:31 | INFO | 当前位置：我的任务
2025-12-12 at 16:11:49 | INFO | 正在初始化
2025-12-12 at 16:11:49 | INFO | 初始化完成
2025-12-12 at 16:11:49 | INFO | 当前位置：首页
2025-12-12 at 16:11:50 | INFO | 正在进入个人中心
2025-12-12 at 16:11:54 | INFO | 无学习任务，直接退出
2025-12-12 at 16:15:54 | INFO | 正在初始化
2025-12-12 at 16:15:54 | INFO | 初始化完成
2025-12-12 at 16:16:52 | INFO | 正在初始化
2025-12-12 at 16:16:52 | INFO | 初始化完成
2025-12-12 at 16:28:26 | INFO | 正在初始化
2025-12-12 at 16:28:26 | INFO | 初始化完成
2025-12-12 at 16:31:08 | INFO | 正在初始化
2025-12-12 at 16:31:08 | INFO | 初始化完成
2025-12-12 at 16:31:12 | INFO | 账号输入完成
2025-12-12 at 16:31:14 | INFO | 密码输入完成
2025-12-12 at 16:31:14 | INFO | 已勾选协议
2025-12-12 at 16:31:14 | INFO | 已提交，即将进入滑块验证码
2025-12-12 at 16:31:14 | INFO | 图片保存成功：slider.png
2025-12-12 at 16:31:14 | INFO | 图片保存成功：background.png
2025-12-12 at 16:31:24 | ERROR | 验证失败
2025-12-12 at 16:37:25 | INFO | 正在初始化
2025-12-12 at 16:37:25 | INFO | 初始化完成
2025-12-12 at 16:37:28 | INFO | 账号输入完成
2025-12-12 at 16:37:30 | INFO | 密码输入完成
2025-12-12 at 16:37:30 | INFO | 已勾选协议
2025-12-12 at 16:37:30 | INFO | 已提交，即将进入滑块验证码
2025-12-12 at 16:37:30 | INFO | 图片保存成功：slider.png
2025-12-12 at 16:37:30 | INFO | 图片保存成功：background.png
2025-12-12 at 16:37:38 | ERROR | 验证失败，正在重试
2025-12-12 at 16:37:39 | INFO | 图片保存成功：slider.png
2025-12-12 at 16:37:39 | INFO | 图片保存成功：background.png
2025-12-12 at 16:37:47 | ERROR | 验证失败，正在重试
2025-12-12 at 16:37:47 | INFO | 图片保存成功：slider.png
2025-12-12 at 16:37:47 | INFO | 图片保存成功：background.png
2025-12-12 at 16:38:46 | ERROR | 验证失败，正在重试
2025-12-12 at 16:38:47 | INFO | 图片保存成功：slider.png
2025-12-12 at 16:38:47 | INFO | 图片保存成功：background.png
2025-12-12 at 16:38:55 | ERROR | 验证失败，正在重试
2025-12-12 at 16:38:55 | INFO | 图片保存成功：slider.png
2025-12-12 at 16:38:55 | INFO | 图片保存成功：background.png
2025-12-12 at 16:39:27 | ERROR | 验证失败，正在重试
2025-12-12 at 16:39:27 | INFO | 图片保存成功：slider.png
2025-12-12 at 16:39:27 | INFO | 图片保存成功：background.png
2025-12-12 at 16:39:35 | ERROR | 验证失败，正在重试
2025-12-12 at 16:39:35 | INFO | 图片保存成功：slider.png
2025-12-12 at 16:39:35 | INFO | 图片保存成功：background.png
2025-12-12 at 16:39:42 | ERROR | 验证失败，正在重试
2025-12-12 at 16:39:42 | INFO | 图片保存成功：slider.png
2025-12-12 at 16:39:43 | INFO | 图片保存成功：background.png
2025-12-12 at 16:39:49 | ERROR | 验证失败，正在重试
2025-12-12 at 16:39:49 | INFO | 图片保存成功：slider.png
2025-12-12 at 16:39:49 | INFO | 图片保存成功：background.png
2025-12-12 at 16:39:54 | ERROR | 验证失败，正在重试
2025-12-12 at 16:39:55 | INFO | 图片保存成功：slider.png
2025-12-12 at 16:39:55 | INFO | 图片保存成功：background.png
2025-12-12 at 16:52:47 | INFO | 正在初始化
2025-12-12 at 16:52:47 | INFO | 初始化完成
2025-12-12 at 16:52:50 | INFO | 账号输入完成
2025-12-12 at 16:52:51 | INFO | 密码输入完成
2025-12-12 at 16:52:52 | INFO | 已勾选协议
2025-12-12 at 16:52:52 | INFO | 已提交，即将进入滑块验证码
2025-12-12 at 16:52:52 | INFO | 图片保存成功：slider.png
2025-12-12 at 16:52:52 | INFO | 图片保存成功：background.png
2025-12-12 at 16:52:56 | ERROR | 滑块验证失败，正在重试
2025-12-12 at 16:52:57 | INFO | 图片保存成功：slider.png
2025-12-12 at 16:52:57 | INFO | 图片保存成功：background.png
2025-12-12 at 16:53:00 | ERROR | 滑块验证失败，正在重试
2025-12-12 at 16:53:00 | INFO | 图片保存成功：slider.png
2025-12-12 at 16:53:00 | INFO | 图片保存成功：background.png
2025-12-12 at 16:53:04 | ERROR | 滑块验证失败，正在重试
2025-12-12 at 16:53:04 | INFO | 图片保存成功：slider.png
2025-12-12 at 16:53:04 | INFO | 图片保存成功：background.png
2025-12-12 at 16:53:07 | ERROR | 滑块验证失败，正在重试
2025-12-12 at 16:53:07 | INFO | 图片保存成功：slider.png
2025-12-12 at 16:53:07 | INFO | 图片保存成功：background.png
2025-12-12 at 16:55:52 | INFO | 正在初始化
2025-12-12 at 16:55:52 | INFO | 初始化完成
2025-12-12 at 16:55:54 | INFO | 账号输入完成
2025-12-12 at 16:55:56 | INFO | 密码输入完成
2025-12-12 at 16:55:56 | INFO | 已勾选协议
2025-12-12 at 16:55:56 | INFO | 已提交，即将进入滑块验证码
2025-12-12 at 16:55:56 | INFO | 图片保存成功：slider.png
2025-12-12 at 16:55:56 | INFO | 图片保存成功：background.png
2025-12-12 at 16:56:05 | ERROR | 滑块验证失败，正在重试
2025-12-12 at 16:56:06 | INFO | 图片保存成功：slider.png
2025-12-12 at 16:56:06 | INFO | 图片保存成功：background.png
2025-12-12 at 16:56:11 | ERROR | 滑块验证失败，正在重试
2025-12-12 at 16:56:11 | INFO | 图片保存成功：slider.png
2025-12-12 at 16:56:11 | INFO | 图片保存成功：background.png
2025-12-12 at 16:56:17 | ERROR | 滑块验证失败，正在重试
2025-12-12 at 16:56:17 | INFO | 图片保存成功：slider.png
2025-12-12 at 16:56:17 | INFO | 图片保存成功：background.png
2025-12-12 at 16:56:21 | ERROR | 滑块验证失败，正在重试
2025-12-12 at 16:56:21 | INFO | 图片保存成功：slider.png
2025-12-12 at 16:56:21 | INFO | 图片保存成功：background.png
2025-12-12 at 16:56:25 | ERROR | 滑块验证失败，正在重试
2025-12-12 at 16:56:25 | INFO | 图片保存成功：slider.png
2025-12-12 at 16:56:25 | INFO | 图片保存成功：background.png
2025-12-12 at 16:56:30 | ERROR | 滑块验证失败，正在重试
2025-12-12 at 16:56:30 | INFO | 图片保存成功：slider.png
2025-12-12 at 16:56:30 | INFO | 图片保存成功：background.png
2025-12-12 at 16:56:34 | ERROR | 滑块验证失败，正在重试
2025-12-12 at 16:56:35 | INFO | 图片保存成功：slider.png
2025-12-12 at 16:56:35 | INFO | 图片保存成功：background.png
2025-12-12 at 16:58:23 | INFO | 正在初始化
2025-12-12 at 16:58:23 | INFO | 初始化完成
2025-12-12 at 16:58:26 | INFO | 账号输入完成
2025-12-12 at 16:58:27 | INFO | 密码输入完成
2025-12-12 at 16:58:28 | INFO | 已勾选协议
2025-12-12 at 16:58:28 | INFO | 已提交，即将进入滑块验证码
2025-12-12 at 16:58:28 | INFO | 图片保存成功：slider.png
2025-12-12 at 16:58:28 | INFO | 图片保存成功：background.png
2025-12-12 at 16:58:34 | ERROR | 滑块验证失败，正在重试
2025-12-12 at 16:58:34 | INFO | 图片保存成功：slider.png
2025-12-12 at 16:58:34 | INFO | 图片保存成功：background.png
2025-12-12 at 16:58:37 | ERROR | 滑块验证失败，正在重试
2025-12-12 at 16:58:37 | INFO | 图片保存成功：slider.png
2025-12-12 at 16:58:38 | INFO | 图片保存成功：background.png
2025-12-12 at 16:58:42 | ERROR | 滑块验证失败，正在重试
2025-12-12 at 16:58:42 | INFO | 图片保存成功：slider.png
2025-12-12 at 16:58:43 | INFO | 图片保存成功：background.png
2025-12-12 at 16:58:47 | ERROR | 滑块验证失败，正在重试
2025-12-12 at 16:58:47 | INFO | 图片保存成功：slider.png
2025-12-12 at 16:58:48 | INFO | 图片保存成功：background.png
2025-12-12 at 16:58:51 | ERROR | 滑块验证失败，正在重试
2025-12-12 at 16:58:52 | INFO | 图片保存成功：slider.png
2025-12-12 at 16:58:52 | INFO | 图片保存成功：background.png
2025-12-12 at 16:58:57 | ERROR | 滑块验证失败，正在重试
2025-12-12 at 16:58:57 | INFO | 图片保存成功：slider.png
2025-12-12 at 16:58:57 | INFO | 图片保存成功：background.png
2025-12-12 at 17:02:07 | INFO | 正在初始化
2025-12-12 at 17:02:07 | INFO | 初始化完成
2025-12-12 at 17:02:10 | INFO | 账号输入完成
2025-12-12 at 17:02:11 | INFO | 密码输入完成
2025-12-12 at 17:02:11 | INFO | 已勾选协议
2025-12-12 at 17:02:11 | INFO | 已提交，即将进入滑块验证码
2025-12-12 at 17:02:12 | INFO | 图片保存成功：slider.png
2025-12-12 at 17:02:12 | INFO | 图片保存成功：background.png
2025-12-12 at 17:02:16 | ERROR | 滑块验证失败，正在重试
2025-12-12 at 17:02:16 | INFO | 图片保存成功：slider.png
2025-12-12 at 17:02:16 | INFO | 图片保存成功：background.png
2025-12-12 at 17:02:20 | ERROR | 滑块验证失败，正在重试
2025-12-12 at 17:02:20 | INFO | 图片保存成功：slider.png
2025-12-12 at 17:02:20 | INFO | 图片保存成功：background.png
2025-12-12 at 17:02:23 | ERROR | 滑块验证失败，正在重试
2025-12-12 at 17:02:23 | INFO | 图片保存成功：slider.png
2025-12-12 at 17:02:23 | INFO | 图片保存成功：background.png
2025-12-12 at 17:02:27 | ERROR | 滑块验证失败，正在重试
2025-12-12 at 17:02:27 | INFO | 图片保存成功：slider.png
2025-12-12 at 17:02:27 | INFO | 图片保存成功：background.png
2025-12-12 at 17:02:30 | ERROR | 滑块验证失败，正在重试
2025-12-12 at 17:02:30 | INFO | 图片保存成功：slider.png
2025-12-12 at 17:02:30 | INFO | 图片保存成功：background.png
2025-12-12 at 17:02:33 | ERROR | 滑块验证失败，正在重试
2025-12-12 at 17:02:33 | INFO | 图片保存成功：slider.png
2025-12-12 at 17:02:33 | INFO | 图片保存成功：background.png
2025-12-12 at 17:02:37 | ERROR | 滑块验证失败，正在重试
2025-12-12 at 17:02:37 | INFO | 图片保存成功：slider.png
2025-12-12 at 17:02:37 | INFO | 图片保存成功：background.png
2025-12-12 at 17:02:41 | ERROR | 滑块验证失败，正在重试
2025-12-12 at 17:02:41 | INFO | 图片保存成功：slider.png
2025-12-12 at 17:02:41 | INFO | 图片保存成功：background.png
2025-12-12 at 17:02:44 | ERROR | 滑块验证失败，正在重试
2025-12-12 at 17:02:45 | INFO | 图片保存成功：slider.png
2025-12-12 at 17:02:45 | INFO | 图片保存成功：background.png
2025-12-12 at 17:02:48 | ERROR | 滑块验证失败，正在重试
2025-12-12 at 17:02:48 | INFO | 图片保存成功：slider.png
2025-12-12 at 17:02:48 | INFO | 图片保存成功：background.png
2025-12-12 at 17:02:51 | ERROR | 滑块验证失败，正在重试
2025-12-12 at 17:02:52 | INFO | 图片保存成功：slider.png
2025-12-12 at 17:02:52 | INFO | 图片保存成功：background.png
2025-12-12 at 17:02:55 | ERROR | 滑块验证失败，正在重试
2025-12-12 at 17:02:55 | INFO | 图片保存成功：slider.png
2025-12-12 at 17:02:55 | INFO | 图片保存成功：background.png
2025-12-12 at 17:02:59 | ERROR | 滑块验证失败，正在重试
2025-12-12 at 17:02:59 | INFO | 图片保存成功：slider.png
2025-12-12 at 17:02:59 | INFO | 图片保存成功：background.png
2025-12-12 at 17:03:03 | ERROR | 滑块验证失败，正在重试
2025-12-12 at 17:03:03 | INFO | 图片保存成功：slider.png
2025-12-12 at 17:03:03 | INFO | 图片保存成功：background.png
2025-12-12 at 17:03:08 | ERROR | 滑块验证失败，正在重试
2025-12-12 at 17:03:08 | INFO | 图片保存成功：slider.png
2025-12-12 at 17:03:08 | INFO | 图片保存成功：background.png
2025-12-12 at 17:03:12 | ERROR | 滑块验证失败，正在重试
2025-12-12 at 17:03:12 | INFO | 图片保存成功：slider.png
2025-12-12 at 17:03:12 | INFO | 图片保存成功：background.png
2025-12-12 at 17:03:16 | ERROR | 滑块验证失败，正在重试
2025-12-12 at 17:03:16 | INFO | 图片保存成功：slider.png
2025-12-12 at 17:03:16 | INFO | 图片保存成功：background.png
2025-12-12 at 17:04:04 | INFO | 正在初始化
2025-12-12 at 17:04:04 | INFO | 初始化完成
2025-12-12 at 17:04:07 | INFO | 账号输入完成
2025-12-12 at 17:04:09 | INFO | 密码输入完成
2025-12-12 at 17:04:09 | INFO | 已勾选协议
2025-12-12 at 17:04:09 | INFO | 已提交，即将进入滑块验证码
2025-12-12 at 17:04:09 | INFO | 图片保存成功：slider.png
2025-12-12 at 17:04:09 | INFO | 图片保存成功：background.png
2025-12-12 at 17:04:14 | ERROR | 滑块验证失败，正在重试
2025-12-12 at 17:04:14 | INFO | 图片保存成功：slider.png
2025-12-12 at 17:04:14 | INFO | 图片保存成功：background.png
2025-12-12 at 17:04:19 | ERROR | 滑块验证失败，正在重试
2025-12-12 at 17:04:19 | INFO | 图片保存成功：slider.png
2025-12-12 at 17:04:19 | INFO | 图片保存成功：background.png
2025-12-12 at 17:04:22 | ERROR | 滑块验证失败，正在重试
2025-12-12 at 17:04:23 | INFO | 图片保存成功：slider.png
2025-12-12 at 17:04:23 | INFO | 图片保存成功：background.png
2025-12-12 at 17:04:26 | ERROR | 滑块验证失败，正在重试
2025-12-12 at 17:04:26 | INFO | 图片保存成功：slider.png
2025-12-12 at 17:04:26 | INFO | 图片保存成功：background.png
2025-12-12 at 17:04:30 | ERROR | 滑块验证失败，正在重试
2025-12-12 at 17:04:30 | INFO | 图片保存成功：slider.png
2025-12-12 at 17:04:30 | INFO | 图片保存成功：background.png
2025-12-12 at 17:04:59 | INFO | 正在初始化
2025-12-12 at 17:04:59 | INFO | 初始化完成
2025-12-12 at 17:05:02 | INFO | 账号输入完成
2025-12-12 at 17:05:04 | INFO | 密码输入完成
2025-12-12 at 17:05:04 | INFO | 已勾选协议
2025-12-12 at 17:05:04 | INFO | 已提交，即将进入滑块验证码
2025-12-12 at 17:05:04 | INFO | 图片保存成功：slider.png
2025-12-12 at 17:05:04 | INFO | 图片保存成功：background.png
2025-12-12 at 17:05:11 | ERROR | 滑块验证失败，正在重试
2025-12-12 at 17:05:12 | INFO | 图片保存成功：slider.png
2025-12-12 at 17:05:12 | INFO | 图片保存成功：background.png
2025-12-12 at 17:05:14 | ERROR | 滑块验证失败，正在重试
2025-12-12 at 17:05:14 | INFO | 图片保存成功：slider.png
2025-12-12 at 17:05:14 | INFO | 图片保存成功：background.png
2025-12-12 at 17:05:17 | ERROR | 滑块验证失败，正在重试
2025-12-12 at 17:05:17 | INFO | 图片保存成功：slider.png
2025-12-12 at 17:05:17 | INFO | 图片保存成功：background.png
2025-12-12 at 17:05:20 | ERROR | 滑块验证失败，正在重试
2025-12-12 at 17:05:20 | INFO | 图片保存成功：slider.png
2025-12-12 at 17:05:20 | INFO | 图片保存成功：background.png
2025-12-12 at 17:05:23 | ERROR | 滑块验证失败，正在重试
2025-12-12 at 17:05:23 | INFO | 图片保存成功：slider.png
2025-12-12 at 17:05:24 | INFO | 图片保存成功：background.png
2025-12-12 at 17:05:26 | ERROR | 滑块验证失败，正在重试
2025-12-12 at 17:05:26 | INFO | 图片保存成功：slider.png
2025-12-12 at 17:05:26 | INFO | 图片保存成功：background.png
2025-12-12 at 17:05:29 | ERROR | 滑块验证失败，正在重试
2025-12-12 at 17:05:29 | INFO | 图片保存成功：slider.png
2025-12-12 at 17:05:29 | INFO | 图片保存成功：background.png
2025-12-12 at 17:09:10 | INFO | 正在初始化
2025-12-12 at 17:09:10 | INFO | 初始化完成
2025-12-12 at 17:09:13 | INFO | 账号输入完成
2025-12-12 at 17:09:15 | INFO | 密码输入完成
2025-12-12 at 17:09:15 | INFO | 已勾选协议
2025-12-12 at 17:09:15 | INFO | 已提交，即将进入滑块验证码
2025-12-12 at 17:09:15 | INFO | 图片保存成功：slider.png
2025-12-12 at 17:09:15 | INFO | 图片保存成功：background.png
2025-12-12 at 17:11:59 | INFO | 正在初始化
2025-12-12 at 17:11:59 | INFO | 初始化完成
2025-12-12 at 17:12:02 | INFO | 账号输入完成
2025-12-12 at 17:12:04 | INFO | 密码输入完成
2025-12-12 at 17:12:04 | INFO | 已勾选协议
2025-12-12 at 17:12:04 | INFO | 已提交，即将进入滑块验证码
2025-12-12 at 17:12:04 | INFO | 图片保存成功：slider.png
2025-12-12 at 17:12:04 | INFO | 图片保存成功：background.png
2025-12-12 at 17:13:29 | INFO | 正在初始化
2025-12-12 at 17:13:29 | INFO | 初始化完成
2025-12-12 at 17:13:32 | INFO | 账号输入完成
2025-12-12 at 17:13:33 | INFO | 密码输入完成
2025-12-12 at 17:13:33 | INFO | 已勾选协议
2025-12-12 at 17:13:33 | INFO | 已提交，即将进入滑块验证码
2025-12-12 at 17:13:34 | INFO | 图片保存成功：slider.png
2025-12-12 at 17:13:34 | INFO | 图片保存成功：background.png
2025-12-12 at 17:14:51 | INFO | 正在初始化
2025-12-12 at 17:14:51 | INFO | 初始化完成
2025-12-12 at 17:14:54 | INFO | 账号输入完成
2025-12-12 at 17:14:56 | INFO | 密码输入完成
2025-12-12 at 17:14:56 | INFO | 已勾选协议
2025-12-12 at 17:14:56 | INFO | 已提交，即将进入滑块验证码
2025-12-12 at 17:14:56 | INFO | 图片保存成功：slider.png
2025-12-12 at 17:14:56 | INFO | 图片保存成功：background.png
2025-12-12 at 17:15:02 | ERROR | 滑块验证失败，正在重试
2025-12-12 at 17:15:03 | INFO | 图片保存成功：slider.png
2025-12-12 at 17:15:03 | INFO | 图片保存成功：background.png
2025-12-12 at 17:15:05 | ERROR | 滑块验证失败，正在重试
2025-12-12 at 17:15:05 | INFO | 图片保存成功：slider.png
2025-12-12 at 17:15:06 | INFO | 图片保存成功：background.png
2025-12-12 at 17:15:09 | ERROR | 滑块验证失败，正在重试
2025-12-12 at 17:15:09 | INFO | 图片保存成功：slider.png
2025-12-12 at 17:15:09 | INFO | 图片保存成功：background.png
2025-12-12 at 17:15:12 | ERROR | 滑块验证失败，正在重试
2025-12-12 at 17:15:12 | INFO | 图片保存成功：slider.png
2025-12-12 at 17:15:13 | INFO | 图片保存成功：background.png
2025-12-12 at 17:15:16 | ERROR | 滑块验证失败，正在重试
2025-12-12 at 17:15:16 | INFO | 图片保存成功：slider.png
2025-12-12 at 17:15:16 | INFO | 图片保存成功：background.png
2025-12-12 at 17:15:19 | ERROR | 滑块验证失败，正在重试
2025-12-12 at 17:15:19 | INFO | 图片保存成功：slider.png
2025-12-12 at 17:15:19 | INFO | 图片保存成功：background.png
2025-12-12 at 17:15:23 | ERROR | 滑块验证失败，正在重试
2025-12-12 at 17:15:23 | INFO | 图片保存成功：slider.png
2025-12-12 at 17:15:23 | INFO | 图片保存成功：background.png
2025-12-12 at 17:15:27 | ERROR | 滑块验证失败，正在重试
2025-12-12 at 17:15:27 | INFO | 图片保存成功：slider.png
2025-12-12 at 17:15:27 | INFO | 图片保存成功：background.png
2025-12-12 at 17:15:30 | ERROR | 滑块验证失败，正在重试
2025-12-12 at 17:15:30 | INFO | 图片保存成功：slider.png
2025-12-12 at 17:15:30 | INFO | 图片保存成功：background.png
2025-12-12 at 17:15:33 | ERROR | 滑块验证失败，正在重试
2025-12-12 at 17:15:33 | INFO | 图片保存成功：slider.png
2025-12-12 at 17:15:33 | INFO | 图片保存成功：background.png
2025-12-12 at 17:15:37 | ERROR | 滑块验证失败，正在重试
2025-12-12 at 17:15:37 | INFO | 图片保存成功：slider.png
2025-12-12 at 17:15:37 | INFO | 图片保存成功：background.png
2025-12-12 at 17:15:40 | ERROR | 滑块验证失败，正在重试
2025-12-12 at 17:15:40 | INFO | 图片保存成功：slider.png
2025-12-12 at 17:15:40 | INFO | 图片保存成功：background.png
2025-12-12 at 17:15:44 | ERROR | 滑块验证失败，正在重试
2025-12-12 at 17:15:44 | INFO | 图片保存成功：slider.png
2025-12-12 at 17:15:44 | INFO | 图片保存成功：background.png
2025-12-12 at 17:15:47 | ERROR | 滑块验证失败，正在重试
2025-12-12 at 17:15:47 | INFO | 图片保存成功：slider.png
2025-12-12 at 17:15:47 | INFO | 图片保存成功：background.png
2025-12-12 at 17:18:06 | INFO | 正在初始化
2025-12-12 at 17:18:06 | INFO | 初始化完成
2025-12-12 at 17:18:08 | INFO | 账号输入完成
2025-12-12 at 17:18:10 | INFO | 密码输入完成
2025-12-12 at 17:18:10 | INFO | 已勾选协议
2025-12-12 at 17:18:10 | INFO | 已提交，即将进入滑块验证码
2025-12-12 at 17:18:10 | INFO | 图片保存成功：slider.png
2025-12-12 at 17:18:10 | INFO | 图片保存成功：background.png
2025-12-12 at 17:18:15 | ERROR | 滑块验证失败，正在重试
2025-12-12 at 17:18:15 | INFO | 图片保存成功：slider.png
2025-12-12 at 17:18:15 | INFO | 图片保存成功：background.png
2025-12-12 at 17:18:18 | ERROR | 滑块验证失败，正在重试
2025-12-12 at 17:18:18 | INFO | 图片保存成功：slider.png
2025-12-12 at 17:18:18 | INFO | 图片保存成功：background.png
2025-12-12 at 17:18:21 | ERROR | 滑块验证失败，正在重试
2025-12-12 at 17:18:22 | INFO | 图片保存成功：slider.png
2025-12-12 at 17:18:22 | INFO | 图片保存成功：background.png
2025-12-12 at 17:18:25 | ERROR | 滑块验证失败，正在重试
2025-12-12 at 17:18:25 | INFO | 图片保存成功：slider.png
2025-12-12 at 17:18:25 | INFO | 图片保存成功：background.png
2025-12-12 at 17:18:28 | ERROR | 滑块验证失败，正在重试
2025-12-12 at 17:18:28 | INFO | 图片保存成功：slider.png
2025-12-12 at 17:18:28 | INFO | 图片保存成功：background.png
2025-12-12 at 17:18:31 | ERROR | 滑块验证失败，正在重试
2025-12-12 at 17:18:32 | INFO | 图片保存成功：slider.png
2025-12-12 at 17:18:32 | INFO | 图片保存成功：background.png
2025-12-12 at 17:18:35 | ERROR | 滑块验证失败，正在重试
2025-12-12 at 17:18:35 | INFO | 图片保存成功：slider.png
2025-12-12 at 17:18:35 | INFO | 图片保存成功：background.png
2025-12-12 at 17:18:39 | ERROR | 滑块验证失败，正在重试
2025-12-12 at 17:18:39 | INFO | 图片保存成功：slider.png
2025-12-12 at 17:18:39 | INFO | 图片保存成功：background.png
2025-12-12 at 17:18:42 | ERROR | 滑块验证失败，正在重试
2025-12-12 at 17:18:42 | INFO | 图片保存成功：slider.png
2025-12-12 at 17:18:42 | INFO | 图片保存成功：background.png
2025-12-12 at 17:18:45 | ERROR | 滑块验证失败，正在重试
2025-12-12 at 17:18:45 | INFO | 图片保存成功：slider.png
2025-12-12 at 17:18:45 | INFO | 图片保存成功：background.png
2025-12-12 at 17:18:49 | ERROR | 滑块验证失败，正在重试
2025-12-12 at 17:18:49 | INFO | 图片保存成功：slider.png
2025-12-12 at 17:18:49 | INFO | 图片保存成功：background.png
2025-12-12 at 17:18:52 | ERROR | 滑块验证失败，正在重试
2025-12-12 at 17:18:52 | INFO | 图片保存成功：slider.png
2025-12-12 at 17:18:52 | INFO | 图片保存成功：background.png
2025-12-12 at 17:18:56 | ERROR | 滑块验证失败，正在重试
2025-12-12 at 17:18:56 | INFO | 图片保存成功：slider.png
2025-12-12 at 17:18:56 | INFO | 图片保存成功：background.png
2025-12-12 at 17:19:41 | INFO | 正在初始化
2025-12-12 at 17:19:41 | INFO | 初始化完成
2025-12-12 at 17:19:44 | INFO | 账号输入完成
2025-12-12 at 17:19:46 | INFO | 密码输入完成
2025-12-12 at 17:19:46 | INFO | 已勾选协议
2025-12-12 at 17:19:46 | INFO | 已提交，即将进入滑块验证码
2025-12-12 at 17:19:46 | INFO | 图片保存成功：slider.png
2025-12-12 at 17:19:46 | INFO | 图片保存成功：background.png
2025-12-12 at 17:21:05 | INFO | 正在初始化
2025-12-12 at 17:21:05 | INFO | 初始化完成
2025-12-12 at 17:21:07 | INFO | 账号输入完成
2025-12-12 at 17:21:09 | INFO | 密码输入完成
2025-12-12 at 17:21:09 | INFO | 已勾选协议
2025-12-12 at 17:21:09 | INFO | 已提交，即将进入滑块验证码
2025-12-12 at 17:21:09 | INFO | 图片保存成功：slider.png
2025-12-12 at 17:21:09 | INFO | 图片保存成功：background.png
2025-12-12 at 17:27:52 | INFO | 正在初始化
2025-12-12 at 17:27:52 | INFO | 初始化完成
2025-12-12 at 17:27:56 | INFO | 账号输入完成
2025-12-12 at 17:27:57 | INFO | 密码输入完成
2025-12-12 at 17:27:57 | INFO | 已勾选协议
2025-12-12 at 17:27:58 | INFO | 已提交，即将进入滑块验证码
2025-12-12 at 17:27:58 | INFO | 图片保存成功：slider.png
2025-12-12 at 17:27:58 | INFO | 图片保存成功：background.png
2025-12-12 at 17:30:54 | INFO | 正在初始化
2025-12-12 at 17:30:54 | INFO | 初始化完成
2025-12-12 at 17:30:57 | INFO | 账号输入完成
2025-12-12 at 17:30:58 | INFO | 密码输入完成
2025-12-12 at 17:30:58 | INFO | 已勾选协议
2025-12-12 at 17:30:58 | INFO | 已提交，即将进入滑块验证码
2025-12-12 at 17:30:59 | INFO | 图片保存成功：slider.png
2025-12-12 at 17:30:59 | INFO | 图片保存成功：background.png
2025-12-12 at 17:31:32 | INFO | 正在初始化
2025-12-12 at 17:31:32 | INFO | 初始化完成
2025-12-12 at 17:31:35 | INFO | 账号输入完成
2025-12-12 at 17:31:37 | INFO | 密码输入完成
2025-12-12 at 17:31:37 | INFO | 已勾选协议
2025-12-12 at 17:31:37 | INFO | 已提交，即将进入滑块验证码
2025-12-12 at 17:36:25 | INFO | 正在初始化
2025-12-12 at 17:36:25 | INFO | 初始化完成
2025-12-12 at 17:36:28 | INFO | 账号输入完成
2025-12-12 at 17:36:30 | INFO | 密码输入完成
2025-12-12 at 17:36:30 | INFO | 已勾选协议
2025-12-12 at 17:36:30 | INFO | 已提交，即将进入滑块验证码
2025-12-12 at 17:40:10 | INFO | 正在初始化
2025-12-12 at 17:40:21 | INFO | 初始化完成
2025-12-12 at 17:40:24 | INFO | 账号输入完成
2025-12-12 at 17:40:26 | INFO | 密码输入完成
2025-12-12 at 17:40:26 | INFO | 已勾选协议
2025-12-12 at 17:40:26 | INFO | 已提交，即将进入滑块验证码
2025-12-12 at 17:40:26 | INFO | 图片保存成功：slider.png
2025-12-12 at 17:40:26 | INFO | 图片保存成功：background.png
2025-12-12 at 17:40:29 | INFO | 正在调整，距离24.127999999999986
2025-12-12 at 17:40:29 | INFO | 正在调整，距离5.902999999999992
2025-12-12 at 17:40:29 | INFO | 正在调整，距离2.664999999999992
2025-12-12 at 17:40:30 | INFO | 正在调整，距离2.497000000000014
2025-12-12 at 17:40:30 | INFO | 正在调整，距离2.664999999999992
2025-12-12 at 17:40:30 | INFO | 正在调整，距离2.497000000000014
2025-12-12 at 17:40:33 | INFO | 正在调整，距离2.664999999999992
2025-12-12 at 17:40:33 | INFO | 正在调整，距离2.497000000000014
2025-12-12 at 17:40:33 | INFO | 正在调整，距离2.664999999999992
2025-12-12 at 17:40:33 | INFO | 正在调整，距离2.497000000000014
2025-12-12 at 17:40:34 | INFO | 正在调整，距离2.664999999999992
2025-12-12 at 17:40:39 | INFO | 正在调整，距离2.497000000000014
2025-12-12 at 17:40:44 | INFO | 正在调整，距离2.664999999999992
2025-12-12 at 17:40:45 | INFO | 正在调整，距离2.497000000000014
2025-12-12 at 17:40:45 | INFO | 正在调整，距离2.664999999999992
2025-12-12 at 17:40:46 | INFO | 正在调整，距离2.497000000000014
2025-12-12 at 17:40:46 | INFO | 正在调整，距离2.664999999999992
2025-12-12 at 17:40:46 | INFO | 正在调整，距离2.497000000000014
2025-12-12 at 17:40:46 | INFO | 正在调整，距离2.664999999999992
2025-12-12 at 17:40:52 | INFO | 正在调整，距离2.497000000000014
2025-12-12 at 17:40:57 | INFO | 正在调整，距离2.664999999999992
2025-12-12 at 17:41:02 | INFO | 正在调整，距离2.497000000000014
2025-12-12 at 17:41:08 | INFO | 正在调整，距离2.664999999999992
2025-12-12 at 17:41:13 | INFO | 正在调整，距离2.497000000000014
2025-12-12 at 17:41:19 | INFO | 正在初始化
2025-12-12 at 17:41:30 | INFO | 初始化完成
2025-12-12 at 17:41:33 | INFO | 账号输入完成
2025-12-12 at 17:41:34 | INFO | 密码输入完成
2025-12-12 at 17:41:34 | INFO | 已勾选协议
2025-12-12 at 17:41:34 | INFO | 已提交，即将进入滑块验证码
2025-12-12 at 17:41:54 | INFO | 正在初始化
2025-12-12 at 17:42:05 | INFO | 初始化完成
2025-12-12 at 17:42:08 | INFO | 账号输入完成
2025-12-12 at 17:42:09 | INFO | 密码输入完成
2025-12-12 at 17:42:10 | INFO | 已勾选协议
2025-12-12 at 17:42:10 | INFO | 已提交，即将进入滑块验证码
2025-12-12 at 17:42:10 | INFO | 图片保存成功：slider.png
2025-12-12 at 17:42:10 | INFO | 图片保存成功：background.png
2025-12-12 at 17:42:11 | INFO | 正在调整，距离1.3489999999999895
2025-12-12 at 17:42:15 | ERROR | 滑块验证失败，正在重试
2025-12-12 at 17:42:15 | INFO | 图片保存成功：slider.png
2025-12-12 at 17:42:15 | INFO | 图片保存成功：background.png
2025-12-12 at 17:42:16 | INFO | 正在调整，距离18.866000000000014
2025-12-12 at 17:42:16 | INFO | 正在调整，距离4.534999999999997
2025-12-12 at 17:42:16 | INFO | 正在调整，距离1.5829999999999984
2025-12-12 at 17:42:18 | ERROR | 滑块验证失败，正在重试
2025-12-12 at 17:42:18 | INFO | 图片保存成功：slider.png
2025-12-12 at 17:42:18 | INFO | 图片保存成功：background.png
2025-12-12 at 17:42:23 | INFO | 正在调整，距离18.866000000000014
2025-12-12 at 17:42:23 | INFO | 正在调整，距离4.534999999999997
2025-12-12 at 17:42:23 | INFO | 正在调整，距离1.5829999999999984
2025-12-12 at 17:42:25 | ERROR | 滑块验证失败，正在重试
2025-12-12 at 17:42:25 | INFO | 图片保存成功：slider.png
2025-12-12 at 17:42:25 | INFO | 图片保存成功：background.png
2025-12-12 at 17:42:27 | INFO | 正在调整，距离5.473000000000013
2025-12-12 at 17:42:27 | INFO | 正在调整，距离3.8760000000000048
2025-12-12 at 17:42:27 | INFO | 正在调整，距离2.0200000000000102
2025-12-12 at 17:42:29 | INFO | 正在调整，距离3.5889999999999986
2025-12-12 at 17:42:30 | INFO | 正在调整，距离2.0200000000000102
2025-12-12 at 17:42:30 | INFO | 正在调整，距离3.5889999999999986
2025-12-12 at 17:42:30 | INFO | 正在调整，距离2.0200000000000102
2025-12-12 at 17:42:30 | INFO | 正在调整，距离3.5889999999999986
2025-12-12 at 17:42:36 | INFO | 正在调整，距离2.0200000000000102
2025-12-12 at 17:42:41 | INFO | 正在调整，距离3.5889999999999986
2025-12-12 at 17:42:46 | INFO | 正在调整，距离2.0200000000000102
2025-12-12 at 17:42:51 | INFO | 正在调整，距离3.5889999999999986
2025-12-12 at 17:42:57 | INFO | 正在调整，距离2.0200000000000102
2025-12-12 at 17:42:59 | INFO | 正在调整，距离3.5889999999999986
2025-12-12 at 17:42:59 | INFO | 正在调整，距离2.0200000000000102
2025-12-12 at 17:42:59 | INFO | 正在调整，距离3.5889999999999986
2025-12-12 at 17:43:00 | INFO | 正在调整，距离2.0200000000000102
2025-12-12 at 17:43:00 | INFO | 正在调整，距离3.5889999999999986
2025-12-12 at 17:43:00 | INFO | 正在调整，距离2.0200000000000102
2025-12-12 at 17:43:00 | INFO | 正在调整，距离3.5889999999999986
2025-12-12 at 17:43:06 | INFO | 正在调整，距离2.0200000000000102
2025-12-12 at 17:43:11 | INFO | 正在调整，距离3.5889999999999986
2025-12-12 at 17:43:16 | INFO | 正在调整，距离2.0200000000000102
2025-12-12 at 17:43:22 | INFO | 正在调整，距离3.5889999999999986
2025-12-12 at 17:43:27 | INFO | 正在调整，距离2.0200000000000102
2025-12-12 at 17:43:32 | INFO | 正在调整，距离3.5889999999999986
2025-12-12 at 17:43:37 | INFO | 正在调整，距离2.0200000000000102
2025-12-12 at 17:43:38 | INFO | 正在初始化
2025-12-12 at 17:43:49 | INFO | 初始化完成
2025-12-12 at 17:43:52 | INFO | 账号输入完成
2025-12-12 at 17:43:54 | INFO | 密码输入完成
2025-12-12 at 17:43:54 | INFO | 已勾选协议
2025-12-12 at 17:43:54 | INFO | 已提交，即将进入滑块验证码
2025-12-12 at 17:43:54 | INFO | 图片保存成功：slider.png
2025-12-12 at 17:43:54 | INFO | 图片保存成功：background.png
2025-12-12 at 17:43:55 | INFO | 正在调整，距离20.64699999999999
2025-12-12 at 17:43:55 | INFO | 正在调整，距离5.0
2025-12-12 at 17:43:55 | INFO | 正在调整，距离3.5349999999999966
2025-12-12 at 17:43:56 | INFO | 正在调整，距离-0.9029999999999916
2025-12-12 at 17:43:59 | ERROR | 滑块验证失败，正在重试
2025-12-12 at 17:43:59 | INFO | 图片保存成功：slider.png
2025-12-12 at 17:43:59 | INFO | 图片保存成功：background.png
2025-12-12 at 17:44:00 | INFO | 正在调整，距离-5.040999999999997
2025-12-12 at 17:44:06 | INFO | 正在调整，距离1.5999999999999943
2025-12-12 at 17:44:07 | ERROR | 滑块验证失败，正在重试
2025-12-12 at 17:44:07 | INFO | 图片保存成功：slider.png
2025-12-12 at 17:44:07 | INFO | 图片保存成功：background.png
2025-12-12 at 17:44:24 | INFO | 正在调整，距离-5.040999999999997
2025-12-12 at 17:44:30 | INFO | 正在调整，距离1.5999999999999943
2025-12-12 at 17:44:31 | ERROR | 滑块验证失败，正在重试
2025-12-12 at 17:44:31 | INFO | 图片保存成功：slider.png
2025-12-12 at 17:44:31 | INFO | 图片保存成功：background.png
2025-12-12 at 17:44:48 | INFO | 正在调整，距离1.2165999999999997
2025-12-12 at 17:44:50 | ERROR | 滑块验证失败，正在重试
2025-12-12 at 17:44:50 | INFO | 图片保存成功：slider.png
2025-12-12 at 17:44:50 | INFO | 图片保存成功：background.png
2025-12-12 at 17:45:07 | INFO | 正在调整，距离17.218999999999994
2025-12-12 at 17:45:12 | INFO | 正在调整，距离2.6040000000000134
2025-12-12 at 17:45:18 | INFO | 正在调整，距离1.1030000000000086
2025-12-12 at 17:45:19 | ERROR | 滑块验证失败，正在重试
2025-12-12 at 17:45:19 | INFO | 图片保存成功：slider.png
2025-12-12 at 17:45:19 | INFO | 图片保存成功：background.png
2025-12-12 at 17:45:36 | INFO | 正在调整，距离-3.711999999999989
2025-12-12 at 17:45:42 | INFO | 正在调整，距离1.8760000000000048
2025-12-12 at 17:45:43 | ERROR | 滑块验证失败，正在重试
2025-12-12 at 17:45:43 | INFO | 图片保存成功：slider.png
2025-12-12 at 17:45:43 | INFO | 图片保存成功：background.png
2025-12-12 at 17:46:00 | INFO | 正在调整，距离21.400000000000006
2025-12-12 at 17:46:06 | INFO | 正在调整，距离7.353000000000009
2025-12-12 at 17:46:09 | INFO | 正在调整，距离1.5349999999999966
2025-12-12 at 17:46:10 | ERROR | 滑块验证失败，正在重试
2025-12-12 at 17:46:10 | INFO | 图片保存成功：slider.png
2025-12-12 at 17:46:10 | INFO | 图片保存成功：background.png
2025-12-12 at 17:46:27 | INFO | 正在调整，距离9.353000000000009
2025-12-12 at 17:46:32 | INFO | 正在调整，距离0.4650000000000034
2025-12-12 at 17:46:34 | ERROR | 滑块验证失败，正在重试
2025-12-12 at 17:46:34 | INFO | 图片保存成功：slider.png
2025-12-12 at 17:46:34 | INFO | 图片保存成功：background.png
2025-12-12 at 17:46:51 | INFO | 正在调整，距离21.242999999999995
2025-12-12 at 17:46:57 | INFO | 正在调整，距离4.497000000000014
2025-12-12 at 17:47:02 | INFO | 正在调整，距离1.0629999999999882
2025-12-12 at 17:47:03 | ERROR | 滑块验证失败，正在重试
2025-12-12 at 17:47:04 | INFO | 图片保存成功：slider.png
2025-12-12 at 17:47:04 | INFO | 图片保存成功：background.png
2025-12-12 at 17:47:20 | INFO | 正在调整，距离-4.473000000000013
2025-12-12 at 17:47:25 | INFO | 正在调整，距离-2.5889999999999986
2025-12-12 at 17:47:31 | INFO | 正在调整，距离3.0200000000000102
2025-12-12 at 17:47:36 | INFO | 正在调整，距离-2.5889999999999986
2025-12-12 at 17:47:41 | INFO | 正在调整，距离3.0200000000000102
2025-12-12 at 17:47:47 | INFO | 正在调整，距离-2.5889999999999986
2025-12-12 at 17:47:52 | INFO | 正在调整，距离3.0200000000000102
2025-12-12 at 17:47:57 | INFO | 正在调整，距离-2.5889999999999986
2025-12-12 at 17:48:02 | INFO | 正在调整，距离3.0200000000000102
2025-12-12 at 17:48:08 | INFO | 正在调整，距离-2.5889999999999986
2025-12-12 at 17:48:13 | INFO | 正在调整，距离3.0200000000000102
2025-12-12 at 17:48:18 | INFO | 正在调整，距离-2.5889999999999986
2025-12-12 at 17:48:24 | INFO | 正在调整，距离3.0200000000000102
2025-12-12 at 17:48:29 | INFO | 正在调整，距离-2.5889999999999986
2025-12-12 at 17:48:34 | INFO | 正在调整，距离3.0200000000000102
2025-12-12 at 17:48:39 | INFO | 正在调整，距离-2.5889999999999986
2025-12-12 at 17:48:45 | INFO | 正在调整，距离3.0200000000000102
2025-12-12 at 17:48:50 | INFO | 正在调整，距离-2.5889999999999986
2025-12-12 at 17:48:55 | INFO | 正在调整，距离3.0200000000000102
2025-12-12 at 17:48:58 | INFO | 正在初始化
2025-12-12 at 17:49:00 | INFO | 初始化完成
2025-12-12 at 17:49:09 | INFO | 正在初始化
2025-12-12 at 17:49:20 | INFO | 初始化完成
2025-12-12 at 17:49:22 | INFO | 账号输入完成
2025-12-12 at 17:49:24 | INFO | 密码输入完成
2025-12-12 at 17:49:24 | INFO | 已勾选协议
2025-12-12 at 17:49:24 | INFO | 已提交，即将进入滑块验证码
2025-12-12 at 17:49:24 | INFO | 图片保存成功：slider.png
2025-12-12 at 17:49:24 | INFO | 图片保存成功：background.png
2025-12-12 at 17:49:30 | INFO | 正在调整，距离20.599999999999994
2025-12-12 at 17:49:30 | INFO | 正在调整，距离5.497000000000014
2025-12-12 at 17:49:31 | INFO | 正在调整，距离-4.890999999999991
2025-12-12 at 17:49:31 | INFO | 正在调整，距离-1.4000000000000057
2025-12-12 at 17:52:30 | INFO | 正在初始化
2025-12-12 at 17:52:41 | INFO | 初始化完成
2025-12-12 at 17:52:43 | INFO | 账号输入完成
2025-12-12 at 17:52:45 | INFO | 密码输入完成
2025-12-12 at 17:52:45 | INFO | 已勾选协议
2025-12-12 at 17:52:45 | INFO | 已提交，即将进入滑块验证码
2025-12-12 at 17:52:45 | INFO | 图片保存成功：slider.png
2025-12-12 at 17:52:45 | INFO | 图片保存成功：background.png
2025-12-12 at 17:52:46 | INFO | 正在调整，距离13.534999999999997
2025-12-12 at 17:52:46 | INFO | 正在调整，距离0.030000000000001137
2025-12-12 at 17:52:50 | ERROR | 滑块验证失败，正在重试
2025-12-12 at 17:52:50 | INFO | 图片保存成功：slider.png
2025-12-12 at 17:52:50 | INFO | 图片保存成功：background.png
2025-12-12 at 17:52:51 | INFO | 正在调整，距离-6.040999999999997
2025-12-12 at 17:52:51 | INFO | 正在调整，距离2.242999999999995
2025-12-12 at 17:52:52 | INFO | 正在调整，距离0.5999999999999943
2025-12-12 at 17:52:53 | ERROR | 滑块验证失败，正在重试
2025-12-12 at 17:52:53 | INFO | 图片保存成功：slider.png
2025-12-12 at 17:52:53 | INFO | 图片保存成功：background.png
2025-12-12 at 17:52:54 | INFO | 正在调整，距离-6.040999999999997
2025-12-12 at 17:52:55 | INFO | 正在调整，距离2.242999999999995
2025-12-12 at 17:52:55 | INFO | 正在调整，距离0.5999999999999943
2025-12-12 at 17:52:56 | ERROR | 滑块验证失败，正在重试
2025-12-12 at 17:52:56 | INFO | 图片保存成功：slider.png
2025-12-12 at 17:52:56 | INFO | 图片保存成功：background.png
2025-12-12 at 17:52:58 | INFO | 正在调整，距离5.465000000000003
2025-12-12 at 17:52:58 | INFO | 正在调整，距离-1.7729999999999961
2025-12-12 at 17:52:59 | ERROR | 滑块验证失败，正在重试
2025-12-12 at 17:53:00 | INFO | 图片保存成功：slider.png
2025-12-12 at 17:53:00 | INFO | 图片保存成功：background.png
2025-12-12 at 17:53:01 | INFO | 正在调整，距离14.0
2025-12-12 at 17:53:01 | INFO | 正在调整，距离-0.9699999999999989
2025-12-12 at 17:53:03 | ERROR | 滑块验证失败，正在重试
2025-12-12 at 17:53:03 | INFO | 图片保存成功：slider.png
2025-12-12 at 17:53:03 | INFO | 图片保存成功：background.png
2025-12-12 at 17:53:04 | INFO | 正在调整，距离10.985799999999998
2025-12-12 at 17:53:05 | INFO | 正在调整，距离0.7728000000000037
2025-12-12 at 17:53:06 | ERROR | 滑块验证失败，正在重试
2025-12-12 at 17:53:06 | INFO | 图片保存成功：slider.png
2025-12-12 at 17:53:06 | INFO | 图片保存成功：background.png
2025-12-12 at 17:53:07 | INFO | 正在调整，距离4.81894
2025-12-12 at 17:53:08 | INFO | 正在调整，距离4.35266
2025-12-12 at 17:53:08 | INFO | 正在调整，距离3.85799
2025-12-12 at 17:53:08 | INFO | 正在调整，距离3.33491
2025-12-12 at 17:53:09 | INFO | 正在调整，距离2.78343
2025-12-12 at 17:53:09 | INFO | 正在调整，距离2.49704
2025-12-12 at 17:53:09 | INFO | 正在调整，距离1.5952700000000002
2025-12-12 at 17:53:10 | ERROR | 滑块验证失败，正在重试
2025-12-12 at 17:53:10 | INFO | 图片保存成功：slider.png
2025-12-12 at 17:53:11 | INFO | 图片保存成功：background.png
2025-12-12 at 17:53:12 | INFO | 正在调整，距离0.0
2025-12-12 at 17:53:13 | ERROR | 滑块验证失败，正在重试
2025-12-12 at 17:53:13 | INFO | 图片保存成功：slider.png
2025-12-12 at 17:53:13 | INFO | 图片保存成功：background.png
2025-12-12 at 17:53:14 | INFO | 正在调整，距离14.457999999999998
2025-12-12 at 17:53:14 | INFO | 正在调整，距离-0.4410000000000025
2025-12-12 at 17:53:16 | ERROR | 滑块验证失败，正在重试
2025-12-12 at 17:53:16 | INFO | 图片保存成功：slider.png
2025-12-12 at 17:53:16 | INFO | 图片保存成功：background.png
2025-12-12 at 17:53:17 | INFO | 正在调整，距离14.457999999999998
2025-12-12 at 17:53:18 | INFO | 正在调整，距离-0.4410000000000025
2025-12-12 at 17:53:19 | ERROR | 滑块验证失败，正在重试
2025-12-12 at 17:53:19 | INFO | 图片保存成功：slider.png
2025-12-12 at 17:53:19 | INFO | 图片保存成功：background.png
2025-12-12 at 17:53:20 | INFO | 正在调整，距离-0.7069999999999936
2025-12-12 at 17:53:22 | ERROR | 滑块验证失败，正在重试
2025-12-12 at 17:53:22 | INFO | 图片保存成功：slider.png
2025-12-12 at 17:53:22 | INFO | 图片保存成功：background.png
2025-12-13 at 00:11:37 | INFO | 正在初始化
2025-12-13 at 00:11:40 | INFO | 初始化完成
2025-12-13 at 00:11:44 | INFO | 账号输入完成
2025-12-13 at 00:11:45 | INFO | 密码输入完成
2025-12-13 at 00:11:45 | INFO | 已勾选协议
2025-12-13 at 00:11:45 | INFO | 已提交，即将进入滑块验证码
2025-12-13 at 00:11:46 | INFO | 图片保存成功：slider.png
2025-12-13 at 00:11:46 | INFO | 图片保存成功：background.png
2025-12-13 at 00:11:47 | INFO | 正在调整，距离11.599999999999994
2025-12-13 at 00:11:47 | INFO | 正在调整，距离-6.139999999999986
2025-12-13 at 00:11:47 | INFO | 正在调整，距离4.588999999999999
2025-12-13 at 00:11:47 | INFO | 正在调整，距离-0.742999999999995
2025-12-13 at 00:11:51 | ERROR | 滑块验证失败，正在重试
2025-12-13 at 00:11:51 | INFO | 图片保存成功：slider.png
2025-12-13 at 00:11:51 | INFO | 图片保存成功：background.png
2025-12-13 at 00:11:52 | INFO | 正在调整，距离26.706999999999994
2025-12-13 at 00:11:52 | INFO | 正在调整，距离10.599999999999994
2025-12-13 at 00:11:53 | INFO | 正在调整，距离-4.502999999999986
2025-12-13 at 00:11:53 | INFO | 正在调整，距离-2.7959999999999923
2025-12-13 at 00:11:53 | INFO | 正在调整，距离2.280000000000001
2025-12-13 at 00:11:54 | INFO | 正在调整，距离-2.7959999999999923
2025-12-13 at 00:11:54 | INFO | 正在调整，距离2.280000000000001
2025-12-13 at 00:11:54 | INFO | 正在调整，距离-2.7959999999999923
2025-12-13 at 00:11:54 | INFO | 正在调整，距离2.280000000000001
2025-12-13 at 00:11:55 | INFO | 正在调整，距离-2.7959999999999923
2025-12-13 at 00:11:55 | INFO | 正在调整，距离2.280000000000001
2025-12-13 at 00:11:55 | INFO | 正在调整，距离-2.7959999999999923
2025-12-13 at 00:11:55 | INFO | 正在调整，距离2.280000000000001
2025-12-13 at 00:11:56 | INFO | 正在调整，距离-2.7959999999999923
2025-12-13 at 00:11:56 | INFO | 正在调整，距离2.280000000000001
2025-12-13 at 00:11:56 | INFO | 正在调整，距离-2.7959999999999923
2025-12-13 at 00:11:57 | INFO | 正在调整，距离2.280000000000001
2025-12-13 at 00:11:57 | INFO | 正在调整，距离-2.7959999999999923
2025-12-13 at 00:11:57 | INFO | 正在调整，距离2.280000000000001
2025-12-13 at 00:11:57 | INFO | 正在调整，距离-2.7959999999999923
2025-12-13 at 00:11:58 | INFO | 正在调整，距离2.280000000000001
2025-12-13 at 00:11:58 | INFO | 正在调整，距离-2.7959999999999923
2025-12-13 at 00:11:58 | INFO | 正在调整，距离2.280000000000001
2025-12-13 at 00:11:59 | INFO | 正在调整，距离-2.7959999999999923
2025-12-13 at 00:11:59 | INFO | 正在调整，距离2.280000000000001
2025-12-13 at 00:11:59 | INFO | 正在调整，距离-2.7959999999999923
2025-12-13 at 00:11:59 | INFO | 正在调整，距离2.280000000000001
2025-12-13 at 00:12:00 | INFO | 正在调整，距离-2.7959999999999923
2025-12-13 at 00:12:05 | INFO | 正在调整，距离2.280000000000001
2025-12-13 at 00:12:10 | INFO | 正在调整，距离-2.7959999999999923
2025-12-13 at 00:13:16 | INFO | 正在初始化
2025-12-13 at 00:13:42 | INFO | 初始化完成
2025-12-13 at 00:13:45 | INFO | 账号输入完成
2025-12-13 at 00:13:47 | INFO | 密码输入完成
2025-12-13 at 00:13:47 | INFO | 已勾选协议
2025-12-13 at 00:13:47 | INFO | 已提交，即将进入滑块验证码
2025-12-13 at 00:13:47 | INFO | 图片保存成功：slider.png
2025-12-13 at 00:13:47 | INFO | 图片保存成功：background.png
2025-12-13 at 00:13:57 | INFO | 正在调整，距离15.497000000000014
2025-12-13 at 00:13:57 | INFO | 正在调整，距离-3.742999999999995
2025-12-13 at 00:13:58 | INFO | 正在调整，距离1.5889999999999986
2025-12-13 at 00:14:01 | ERROR | 滑块验证失败，正在重试
2025-12-13 at 00:14:01 | INFO | 图片保存成功：slider.png
2025-12-13 at 00:14:02 | INFO | 图片保存成功：background.png
2025-12-13 at 00:14:03 | INFO | 正在调整，距离5.126600000000003
2025-12-13 at 00:14:03 | INFO | 正在调整，距离1.6000000000000014
2025-12-13 at 00:14:04 | ERROR | 滑块验证失败，正在重试
2025-12-13 at 00:14:05 | INFO | 图片保存成功：slider.png
2025-12-13 at 00:14:05 | INFO | 图片保存成功：background.png
2025-12-13 at 00:14:06 | INFO | 正在调整，距离5.126600000000003
2025-12-13 at 00:14:06 | INFO | 正在调整，距离1.6000000000000014
2025-12-13 at 00:14:07 | ERROR | 滑块验证失败，正在重试
2025-12-13 at 00:14:08 | INFO | 图片保存成功：slider.png
2025-12-13 at 00:14:08 | INFO | 图片保存成功：background.png
2025-12-13 at 00:14:09 | INFO | 正在调整，距离5.35266
2025-12-13 at 00:14:09 | INFO | 正在调整，距离4.06272
2025-12-13 at 00:14:10 | INFO | 正在调整，距离3.49704
2025-12-13 at 00:14:10 | INFO | 正在调整，距离2.90296
2025-12-13 at 00:14:11 | ERROR | 滑块验证失败，正在重试
2025-12-13 at 00:14:11 | INFO | 图片保存成功：slider.png
2025-12-13 at 00:14:12 | INFO | 图片保存成功：background.png
2025-12-13 at 00:14:13 | INFO | 正在调整，距离4.2568
2025-12-13 at 00:14:13 | INFO | 正在调整，距离3.81894
2025-12-13 at 00:14:13 | INFO | 正在调整，距离3.35266
2025-12-13 at 00:14:13 | INFO | 正在调整，距离2.85799
2025-12-13 at 00:14:15 | ERROR | 滑块验证失败，正在重试
2025-12-13 at 00:14:15 | INFO | 图片保存成功：slider.png
2025-12-13 at 00:14:16 | INFO | 图片保存成功：background.png
2025-12-13 at 00:14:17 | INFO | 正在调整，距离8.030000000000001
2025-12-13 at 00:14:17 | INFO | 正在调整，距离1.8429999999999893
2025-12-13 at 00:14:18 | ERROR | 滑块验证失败，正在重试
2025-12-13 at 00:14:19 | INFO | 图片保存成功：slider.png
2025-12-13 at 00:14:19 | INFO | 图片保存成功：background.png
2025-12-13 at 00:14:20 | INFO | 正在调整，距离20.599999999999994
2025-12-13 at 00:14:20 | INFO | 正在调整，距离5.497000000000014
2025-12-13 at 00:14:21 | INFO | 正在调整，距离-4.890999999999991
2025-12-13 at 00:14:21 | INFO | 正在调整，距离-1.4000000000000057
2025-12-13 at 00:14:22 | ERROR | 滑块验证失败，正在重试
2025-12-13 at 00:14:22 | INFO | 图片保存成功：slider.png
2025-12-13 at 00:14:23 | INFO | 图片保存成功：background.png
2025-12-13 at 00:14:24 | INFO | 正在调整，距离-3.711999999999989
2025-12-13 at 00:14:24 | INFO | 正在调整，距离1.8760000000000048
2025-12-13 at 00:14:25 | ERROR | 滑块验证失败，正在重试
2025-12-13 at 00:14:26 | INFO | 图片保存成功：slider.png
2025-12-13 at 00:14:27 | INFO | 图片保存成功：background.png
2025-12-13 at 00:14:27 | INFO | 正在调整，距离0.12399999999999523
2025-12-13 at 00:14:29 | ERROR | 滑块验证失败，正在重试
2025-12-13 at 00:14:29 | INFO | 图片保存成功：slider.png
2025-12-13 at 00:14:29 | INFO | 图片保存成功：background.png
2025-12-13 at 00:14:30 | INFO | 正在调整，距离153.0
2025-12-13 at 00:14:31 | INFO | 正在调整，距离153.0
2025-12-13 at 00:14:31 | INFO | 正在调整，距离153.0
2025-12-13 at 00:14:31 | INFO | 正在调整，距离153.0
2025-12-13 at 00:14:31 | INFO | 正在调整，距离153.0
2025-12-13 at 00:14:32 | INFO | 正在调整，距离153.0
2025-12-13 at 00:14:32 | INFO | 正在调整，距离153.0
2025-12-13 at 00:14:32 | INFO | 正在调整，距离153.0
2025-12-13 at 00:14:33 | INFO | 正在调整，距离153.0
2025-12-13 at 00:14:33 | INFO | 正在调整，距离153.0
2025-12-13 at 00:14:33 | INFO | 正在调整，距离153.0
2025-12-13 at 00:14:33 | INFO | 正在调整，距离153.0
2025-12-13 at 00:14:34 | INFO | 正在调整，距离153.0
2025-12-13 at 00:14:34 | INFO | 正在调整，距离153.0
2025-12-13 at 00:14:34 | INFO | 正在调整，距离153.0
2025-12-13 at 00:14:40 | INFO | 正在调整，距离153.0
2025-12-13 at 00:14:42 | INFO | 正在调整，距离153.0
2025-12-13 at 00:14:42 | INFO | 正在调整，距离153.0
2025-12-13 at 00:14:43 | INFO | 正在调整，距离153.0
2025-12-13 at 00:14:43 | INFO | 正在调整，距离153.0
2025-12-13 at 00:14:43 | INFO | 正在调整，距离153.0
2025-12-13 at 00:14:43 | INFO | 正在调整，距离153.0
2025-12-13 at 00:14:49 | INFO | 正在调整，距离153.0
2025-12-13 at 00:14:49 | INFO | 正在调整，距离153.0
2025-12-13 at 00:14:49 | INFO | 正在调整，距离153.0
2025-12-13 at 00:14:50 | INFO | 正在调整，距离149.10888
2025-12-13 at 00:14:50 | INFO | 正在调整，距离145.29349
2025-12-13 at 00:14:51 | INFO | 正在调整，距离145.29349
2025-12-13 at 00:14:51 | INFO | 正在调整，距离145.29349
2025-12-13 at 00:14:51 | INFO | 正在调整，距离145.29349
2025-12-13 at 00:14:51 | INFO | 正在调整，距离145.29349
2025-12-13 at 00:14:52 | INFO | 正在调整，距离145.29349
2025-12-13 at 00:14:52 | INFO | 正在调整，距离153.0
2025-12-13 at 00:14:52 | INFO | 正在调整，距离153.0
2025-12-13 at 00:14:53 | INFO | 正在调整，距离153.0
2025-12-13 at 00:14:53 | INFO | 正在调整，距离153.0
2025-12-13 at 00:14:58 | INFO | 正在调整，距离153.0
2025-12-13 at 00:15:01 | INFO | 正在调整，距离153.0
2025-12-13 at 00:15:01 | INFO | 正在调整，距离153.0
2025-12-13 at 00:15:02 | INFO | 正在调整，距离153.0
2025-12-14 at 21:50:09 | INFO | 正在初始化
2025-12-14 at 21:52:56 | INFO | 正在初始化
2025-12-14 at 21:53:09 | INFO | 正在初始化
2025-12-14 at 21:53:20 | INFO | 初始化完成
2025-12-14 at 21:53:22 | INFO | 账号输入完成
2025-12-14 at 21:53:23 | INFO | 密码输入完成
2025-12-14 at 21:53:24 | INFO | 已勾选协议
2025-12-14 at 21:53:24 | INFO | 已提交，即将进入滑块验证码
2025-12-14 at 21:53:24 | INFO | 图片保存成功：slider.png
2025-12-14 at 21:53:24 | INFO | 图片保存成功：background.png
2025-12-14 at 21:53:25 | INFO | 正在调整，距离5.85799
2025-12-14 at 21:53:25 | INFO | 正在调整，距离4.49704
2025-12-14 at 21:53:25 | INFO | 正在调整，距离3.90296
2025-12-14 at 21:53:25 | INFO | 正在调整，距离3.28047
2025-12-14 at 21:53:26 | INFO | 正在调整，距离2.6295900000000003
2025-12-14 at 21:53:29 | ERROR | 滑块验证失败，正在重试
2025-12-14 at 21:53:30 | INFO | 图片保存成功：slider.png
2025-12-14 at 21:53:30 | INFO | 图片保存成功：background.png
2025-12-14 at 21:53:31 | INFO | 正在调整，距离-1.1239999999999952
2025-12-14 at 21:53:32 | ERROR | 滑块验证失败，正在重试
2025-12-14 at 21:53:32 | INFO | 图片保存成功：slider.png
2025-12-14 at 21:53:32 | INFO | 图片保存成功：background.png
2025-12-14 at 21:53:33 | INFO | 正在调整，距离-1.1239999999999952
2025-12-14 at 21:53:35 | ERROR | 滑块验证失败，正在重试
2025-12-14 at 21:53:35 | INFO | 图片保存成功：slider.png
2025-12-14 at 21:53:35 | INFO | 图片保存成功：background.png
2025-12-14 at 21:53:36 | INFO | 正在调整，距离-4.588999999999999
2025-12-14 at 21:53:36 | INFO | 正在调整，距离1.0200000000000102
2025-12-14 at 21:53:38 | ERROR | 滑块验证失败，正在重试
2025-12-14 at 21:53:38 | INFO | 图片保存成功：slider.png
2025-12-14 at 21:53:38 | INFO | 图片保存成功：background.png
2025-12-14 at 21:53:39 | INFO | 正在调整，距离13.534999999999997
2025-12-14 at 21:53:40 | INFO | 正在调整，距离0.030000000000001137
2025-12-14 at 21:53:41 | ERROR | 滑块验证失败，正在重试
2025-12-14 at 21:53:41 | INFO | 图片保存成功：slider.png
2025-12-14 at 21:53:41 | INFO | 图片保存成功：background.png
2025-12-14 at 21:53:42 | INFO | 正在调整，距离0.5660000000000025
2025-12-14 at 21:53:44 | ERROR | 滑块验证失败，正在重试
2025-12-14 at 21:53:44 | INFO | 图片保存成功：slider.png
2025-12-14 at 21:53:44 | INFO | 图片保存成功：background.png
2025-12-14 at 21:53:45 | INFO | 正在调整，距离0.9590000000000032
2025-12-14 at 21:53:47 | ERROR | 滑块验证失败，正在重试
2025-12-14 at 21:53:47 | INFO | 图片保存成功：slider.png
2025-12-14 at 21:53:47 | INFO | 图片保存成功：background.png
2025-12-14 at 21:53:48 | INFO | 正在调整，距离7.772800000000004
2025-12-14 at 21:53:48 | INFO | 正在调整，距离1.3041000000000054
2025-12-14 at 21:53:50 | ERROR | 滑块验证失败，正在重试
2025-12-14 at 21:53:50 | INFO | 图片保存成功：slider.png
2025-12-14 at 21:53:50 | INFO | 图片保存成功：background.png
2025-12-14 at 21:53:51 | INFO | 正在调整，距离18.465000000000003
2025-12-14 at 21:53:51 | INFO | 正在调整，距离5.534999999999997
2025-12-14 at 21:53:52 | INFO | 正在调整，距离-1.8969999999999914
2025-12-14 at 21:53:53 | ERROR | 滑块验证失败，正在重试
2025-12-14 at 21:53:53 | INFO | 图片保存成功：slider.png
2025-12-14 at 21:53:53 | INFO | 图片保存成功：background.png
2025-12-14 at 21:53:55 | INFO | 正在调整，距离17.737299999999998
2025-12-14 at 21:53:55 | INFO | 正在调整，距离10.3645
2025-12-14 at 21:53:55 | INFO | 正在调整，距离2.2817000000000007
2025-12-14 at 21:53:56 | ERROR | 滑块验证失败，正在重试
2025-12-14 at 21:53:56 | INFO | 图片保存成功：slider.png
2025-12-14 at 21:53:57 | INFO | 图片保存成功：background.png
2025-12-14 at 21:53:58 | INFO | 正在调整，距离19.056999999999988
2025-12-14 at 21:53:58 | INFO | 正在调整，距离3.0970000000000084
2025-12-14 at 21:53:59 | INFO | 正在调整，距离0.10300000000000864
2025-12-14 at 21:54:00 | ERROR | 滑块验证失败，正在重试
2025-12-14 at 21:54:00 | INFO | 图片保存成功：slider.png
2025-12-14 at 21:54:00 | INFO | 图片保存成功：background.png
2025-12-14 at 21:54:01 | INFO | 正在调整，距离16.6
2025-12-14 at 21:54:02 | INFO | 正在调整，距离8.973999999999997
2025-12-14 at 21:54:02 | INFO | 正在调整，距离3.5703999999999994
2025-12-14 at 21:54:02 | INFO | 正在调整，距离1.7124000000000024
2025-12-14 at 21:54:03 | ERROR | 滑块验证失败，正在重试
2025-12-14 at 21:54:04 | INFO | 图片保存成功：slider.png
2025-12-14 at 21:54:04 | INFO | 图片保存成功：background.png
2025-12-14 at 21:54:05 | INFO | 正在调整，距离7.772800000000004
2025-12-14 at 21:54:05 | INFO | 正在调整，距离1.3041000000000054
2025-12-14 at 21:54:07 | ERROR | 滑块验证失败，正在重试
2025-12-14 at 21:54:07 | INFO | 图片保存成功：slider.png
2025-12-14 at 21:54:07 | INFO | 图片保存成功：background.png
2025-12-14 at 21:54:08 | INFO | 正在调整，距离-21.0
2025-12-14 at 21:54:08 | INFO | 正在调整，距离-21.0
2025-12-14 at 21:54:09 | INFO | 正在调整，距离-21.0
2025-12-14 at 21:54:09 | INFO | 正在调整，距离83.09700000000001
2025-12-14 at 21:54:09 | INFO | 正在调整，距离67.84299999999999
2025-12-14 at 21:54:09 | INFO | 正在调整，距离51.877999999999986
2025-12-14 at 21:54:10 | INFO | 正在调整，距离35.20400000000001
2025-12-14 at 21:54:10 | INFO | 正在调整，距离19.589
2025-12-14 at 21:54:10 | INFO | 正在调整，距离-0.27600000000001046
2025-12-14 at 21:54:12 | ERROR | 滑块验证失败，正在重试
2025-12-14 at 21:54:12 | INFO | 图片保存成功：slider.png
2025-12-14 at 21:54:12 | INFO | 图片保存成功：background.png
2025-12-14 at 21:54:14 | INFO | 正在调整，距离17.873399999999997
2025-12-14 at 21:54:14 | INFO | 正在调整，距离10.2166
2025-12-14 at 21:54:14 | INFO | 正在调整，距离1.8496999999999986
2025-12-15 at 08:53:37 | INFO | 正在初始化
2025-12-15 at 08:54:22 | INFO | 正在初始化
2025-12-15 at 08:54:38 | INFO | 正在初始化
2025-12-16 at 00:57:32 | INFO | 正在初始化
2025-12-16 at 00:58:01 | INFO | 正在初始化
2025-12-16 at 00:58:25 | INFO | 初始化完成
2025-12-16 at 00:58:27 | INFO | 账号输入完成
2025-12-16 at 00:58:29 | INFO | 密码输入完成
2025-12-16 at 00:58:29 | INFO | 已勾选协议
2025-12-16 at 00:58:29 | INFO | 已提交，即将进入滑块验证码
2025-12-16 at 00:58:29 | INFO | 图片保存成功：slider.png
2025-12-16 at 00:58:29 | INFO | 图片保存成功：background.png
2025-12-16 at 00:58:30 | INFO | 正在调整，距离11.599999999999994
2025-12-16 at 00:58:30 | INFO | 正在调整，距离-6.139999999999986
2025-12-16 at 00:58:30 | INFO | 正在调整，距离4.588999999999999
2025-12-16 at 00:58:31 | INFO | 正在调整，距离-0.742999999999995
2025-12-16 at 00:58:34 | ERROR | 滑块验证失败，正在重试
2025-12-16 at 00:58:35 | INFO | 图片保存成功：slider.png
2025-12-16 at 00:58:35 | INFO | 图片保存成功：background.png
2025-12-16 at 00:58:36 | INFO | 正在调整，距离15.204000000000008
2025-12-16 at 00:58:36 | INFO | 正在调整，距离-0.41100000000000136
2025-12-16 at 00:58:37 | ERROR | 滑块验证失败，正在重试
2025-12-16 at 00:58:37 | INFO | 图片保存成功：slider.png
2025-12-16 at 00:58:37 | INFO | 图片保存成功：background.png
2025-12-16 at 00:58:39 | INFO | 正在调整，距离15.204000000000008
2025-12-16 at 00:58:39 | INFO | 正在调整，距离-0.41100000000000136
2025-12-16 at 00:58:40 | ERROR | 滑块验证失败，正在重试
2025-12-16 at 00:58:40 | INFO | 图片保存成功：slider.png
2025-12-16 at 00:58:40 | INFO | 图片保存成功：background.png
2025-12-16 at 00:58:42 | INFO | 正在调整，距离-1.7199999999999989
2025-12-16 at 00:58:43 | ERROR | 滑块验证失败，正在重试
2025-12-16 at 00:58:43 | INFO | 图片保存成功：slider.png
2025-12-16 at 00:58:43 | INFO | 图片保存成功：background.png
2025-12-16 at 00:58:45 | INFO | 正在调整，距离0.5660000000000025
2025-12-16 at 00:58:46 | ERROR | 滑块验证失败，正在重试
2025-12-16 at 00:58:46 | INFO | 图片保存成功：slider.png
2025-12-16 at 00:58:46 | INFO | 图片保存成功：background.png
2025-12-16 at 00:58:47 | INFO | 正在调整，距离186.0
2025-12-16 at 00:58:48 | INFO | 正在调整，距离-19.502999999999986
2025-12-16 at 00:58:48 | INFO | 正在调整，距离-2.757000000000005
2025-12-16 at 00:58:49 | ERROR | 滑块验证失败，正在重试
2025-12-16 at 00:58:50 | INFO | 图片保存成功：slider.png
2025-12-16 at 00:58:50 | INFO | 图片保存成功：background.png
2025-12-16 at 00:58:51 | INFO | 正在调整，距离9.588999999999999
2025-12-16 at 00:58:51 | INFO | 正在调整，距离-1.1399999999999864
2025-12-16 at 00:58:53 | ERROR | 滑块验证失败，正在重试
2025-12-16 at 00:58:53 | INFO | 图片保存成功：slider.png
2025-12-16 at 00:58:53 | INFO | 图片保存成功：background.png
2025-12-16 at 00:58:54 | INFO | 正在调整，距离11.599999999999994
2025-12-16 at 00:58:54 | INFO | 正在调整，距离-6.139999999999986
2025-12-16 at 00:58:55 | INFO | 正在调整，距离4.588999999999999
2025-12-16 at 00:58:55 | INFO | 正在调整，距离-0.742999999999995
2025-12-16 at 00:58:56 | ERROR | 滑块验证失败，正在重试
2025-12-16 at 00:58:56 | INFO | 图片保存成功：slider.png
2025-12-16 at 00:58:56 | INFO | 图片保存成功：background.png
2025-12-16 at 00:58:58 | INFO | 正在调整，距离-0.6469999999999914
2025-12-16 at 15:17:24 | INFO | 正在初始化
2025-12-16 at 15:18:26 | INFO | 初始化完成
2025-12-16 at 15:18:29 | INFO | 账号输入完成
2025-12-16 at 15:18:30 | INFO | 密码输入完成
2025-12-16 at 15:18:30 | INFO | 已勾选协议
2025-12-16 at 15:18:30 | INFO | 已提交，即将进入滑块验证码
2025-12-16 at 15:18:31 | INFO | 图片保存成功：slider.png
2025-12-16 at 15:18:31 | INFO | 图片保存成功：background.png
2025-12-16 at 15:18:32 | INFO | 正在调整，距离-1.3700000000000045
2025-12-16 at 15:18:36 | ERROR | 滑块验证失败，正在重试
2025-12-16 at 15:18:36 | INFO | 图片保存成功：slider.png
2025-12-16 at 15:18:36 | INFO | 图片保存成功：background.png
2025-12-16 at 15:18:37 | INFO | 正在调整，距离8.280470000000001
2025-12-16 at 15:18:37 | INFO | 正在调整，距离6.2425999999999995
2025-12-16 at 15:18:37 | INFO | 正在调整，距离4.3491
2025-12-16 at 15:18:38 | INFO | 正在调整，距离3.9490999999999996
2025-12-16 at 15:18:38 | INFO | 正在调整，距离2.7065
2025-12-16 at 15:18:39 | ERROR | 滑块验证失败，正在重试
2025-12-16 at 15:18:40 | INFO | 图片保存成功：slider.png
2025-12-16 at 15:18:40 | INFO | 图片保存成功：background.png
2025-12-16 at 16:23:14 | INFO | 正在初始化
2025-12-16 at 16:23:44 | INFO | 初始化完成
2025-12-16 at 16:23:46 | INFO | 账号输入完成
2025-12-16 at 16:23:48 | INFO | 密码输入完成
2025-12-16 at 16:23:48 | INFO | 已勾选协议
2025-12-16 at 16:23:48 | INFO | 已提交，即将进入滑块验证码
2025-12-16 at 16:23:48 | INFO | 图片保存成功：slider.png
2025-12-16 at 16:23:48 | INFO | 图片保存成功：background.png
2025-12-16 at 16:23:51 | INFO | 正在调整，距离7.908899999999999
2025-12-16 at 16:23:51 | INFO | 正在调整，距离4.4651
2025-12-16 at 16:23:51 | INFO | 正在调整，距离3.866299999999999
2025-12-16 at 16:23:52 | INFO | 正在调整，距离2.0272000000000006
2025-12-16 at 16:23:55 | ERROR | 滑块验证失败，正在重试
2025-12-16 at 16:23:55 | INFO | 图片保存成功：slider.png
2025-12-16 at 16:23:55 | INFO | 图片保存成功：background.png
2025-12-16 at 16:23:56 | INFO | 正在调整，距离26.706999999999994
2025-12-16 at 16:23:56 | INFO | 正在调整，距离12.242999999999995
2025-12-16 at 16:23:57 | INFO | 正在调整，距离-6.217000000000013
2025-12-16 at 16:23:57 | INFO | 正在调整，距离2.280000000000001
2025-12-16 at 16:23:58 | ERROR | 滑块验证失败，正在重试
2025-12-16 at 16:23:58 | INFO | 图片保存成功：slider.png
2025-12-16 at 16:23:59 | INFO | 图片保存成功：background.png
2025-12-16 at 16:24:00 | INFO | 正在调整，距离26.706999999999994
2025-12-16 at 16:24:00 | INFO | 正在调整，距离12.242999999999995
2025-12-16 at 16:24:00 | INFO | 正在调整，距离-6.217000000000013
2025-12-16 at 16:24:01 | INFO | 正在调整，距离2.280000000000001
2025-12-16 at 16:24:02 | ERROR | 滑块验证失败，正在重试
2025-12-16 at 16:24:02 | INFO | 图片保存成功：slider.png
2025-12-16 at 16:24:02 | INFO | 图片保存成功：background.png
2025-12-16 at 16:24:04 | INFO | 正在调整，距离4.665999999999997
2025-12-16 at 16:24:04 | INFO | 正在调整，距离1.046999999999997
2025-12-16 at 16:24:05 | ERROR | 滑块验证失败，正在重试
2025-12-16 at 16:24:05 | INFO | 图片保存成功：slider.png
2025-12-16 at 16:24:05 | INFO | 图片保存成功：background.png
2025-12-16 at 16:24:07 | INFO | 正在调整，距离27.127999999999986
2025-12-16 at 16:24:07 | INFO | 正在调整，距离9.293000000000006
2025-12-16 at 16:24:07 | INFO | 正在调整，距离0.9029999999999916
2025-12-16 at 16:24:09 | ERROR | 滑块验证失败，正在重试
2025-12-16 at 16:24:09 | INFO | 图片保存成功：slider.png
2025-12-16 at 16:24:09 | INFO | 图片保存成功：background.png
2025-12-16 at 16:24:10 | INFO | 正在调整，距离-0.09100000000000819
2025-12-16 at 16:24:12 | ERROR | 滑块验证失败，正在重试
2025-12-16 at 16:24:12 | INFO | 图片保存成功：slider.png
2025-12-16 at 16:24:12 | INFO | 图片保存成功：background.png
2025-12-16 at 16:24:13 | INFO | 正在调整，距离5.319999999999993
2025-12-16 at 16:24:13 | INFO | 正在调整，距离0.12699999999999534
2025-12-16 at 16:24:15 | ERROR | 滑块验证失败，正在重试
2025-12-16 at 16:24:15 | INFO | 图片保存成功：slider.png
2025-12-16 at 16:24:15 | INFO | 图片保存成功：background.png
2025-12-16 at 16:24:16 | INFO | 正在调整，距离-1.5999999999999943
2025-12-16 at 16:24:18 | ERROR | 滑块验证失败，正在重试
2025-12-16 at 16:24:18 | INFO | 图片保存成功：slider.png
2025-12-16 at 16:24:18 | INFO | 图片保存成功：background.png
2025-12-16 at 16:24:19 | INFO | 正在调整，距离19.94999999999999
2025-12-16 at 16:24:19 | INFO | 正在调整，距离3.062999999999988
2025-12-16 at 16:24:20 | INFO | 正在调整，距离-0.4000000000000057
2025-12-16 at 16:24:21 | ERROR | 滑块验证失败，正在重试
2025-12-16 at 16:24:21 | INFO | 图片保存成功：slider.png
2025-12-16 at 16:24:21 | INFO | 图片保存成功：background.png
2025-12-16 at 16:24:23 | INFO | 正在调整，距离3.046999999999997
2025-12-16 at 16:24:23 | INFO | 正在调整，距离-0.5999999999999943
2025-12-16 at 16:24:24 | ERROR | 滑块验证失败，正在重试
2025-12-16 at 16:24:24 | INFO | 图片保存成功：slider.png
2025-12-16 at 16:24:24 | INFO | 图片保存成功：background.png
2025-12-16 at 16:24:26 | INFO | 正在调整，距离7.040999999999997
2025-12-16 at 16:24:26 | INFO | 正在调整，距离-1.953000000000003
2025-12-16 at 16:24:27 | ERROR | 滑块验证失败，正在重试
2025-12-16 at 16:24:27 | INFO | 图片保存成功：slider.png
2025-12-16 at 16:24:28 | INFO | 图片保存成功：background.png
2025-12-16 at 16:24:29 | INFO | 正在调整，距离-0.27600000000001046
2025-12-16 at 16:24:30 | ERROR | 滑块验证失败，正在重试
2025-12-16 at 16:24:30 | INFO | 图片保存成功：slider.png
2025-12-16 at 16:24:30 | INFO | 图片保存成功：background.png
2025-12-16 at 16:24:32 | INFO | 正在调整，距离-2.122000000000014
2025-12-16 at 16:24:33 | ERROR | 滑块验证失败，正在重试
2025-12-16 at 16:24:33 | INFO | 图片保存成功：slider.png
2025-12-16 at 16:24:33 | INFO | 图片保存成功：background.png
2025-12-16 at 16:24:35 | INFO | 正在调整，距离7.4
2025-12-16 at 16:24:35 | INFO | 正在调整，距离5.080500000000001
2025-12-16 at 16:24:35 | INFO | 正在调整，距离3.0970000000000013
2025-12-16 at 16:24:35 | INFO | 正在调整，距离2.0626999999999995
2025-12-16 at 16:24:37 | ERROR | 滑块验证失败，正在重试
2025-12-16 at 16:24:37 | INFO | 图片保存成功：slider.png
2025-12-16 at 16:24:37 | INFO | 图片保存成功：background.png
2025-12-16 at 16:24:38 | INFO | 正在调整，距离97.0
2025-12-16 at 16:24:39 | INFO | 正在调整，距离97.0
2025-12-16 at 16:24:39 | INFO | 正在调整，距离97.0
2025-12-16 at 16:24:39 | INFO | 正在调整，距离97.0
2025-12-16 at 16:24:40 | INFO | 正在调整，距离-53.0
2025-12-16 at 16:24:40 | INFO | 正在调整，距离-38.74000000000001
2025-12-16 at 16:24:40 | INFO | 正在调整，距离-23.873000000000005
2025-12-16 at 16:24:40 | INFO | 正在调整，距离-12.349000000000004
2025-12-16 at 16:24:41 | INFO | 正在调整，距离-0.21890000000000498
2025-12-16 at 16:24:42 | ERROR | 滑块验证失败，正在重试
2025-12-16 at 16:24:43 | INFO | 图片保存成功：slider.png
2025-12-16 at 16:24:43 | INFO | 图片保存成功：background.png
2025-12-16 at 16:26:15 | INFO | 正在初始化
2025-12-16 at 16:26:42 | INFO | 初始化完成
2025-12-16 at 16:26:45 | INFO | 账号输入完成
2025-12-16 at 16:26:47 | INFO | 密码输入完成
2025-12-16 at 16:26:47 | INFO | 已勾选协议
2025-12-16 at 16:26:47 | INFO | 已提交，即将进入滑块验证码
2025-12-16 at 16:26:47 | INFO | 图片保存成功：slider.png
2025-12-16 at 16:26:47 | INFO | 图片保存成功：background.png
2025-12-16 at 16:26:48 | INFO | 正在调整，距离8.558999999999997
2025-12-16 at 16:26:48 | INFO | 正在调整，距离0.8429999999999893
2025-12-16 at 16:26:52 | ERROR | 滑块验证失败，正在重试
2025-12-16 at 16:26:52 | INFO | 图片保存成功：slider.png
2025-12-16 at 16:26:52 | INFO | 图片保存成功：background.png
2025-12-16 at 16:26:53 | INFO | 正在调整，距离26.706999999999994
2025-12-16 at 16:26:54 | INFO | 正在调整，距离12.242999999999995
2025-12-16 at 16:26:54 | INFO | 正在调整，距离-6.217000000000013
2025-12-16 at 16:26:54 | INFO | 正在调整，距离2.280000000000001
2025-12-16 at 16:26:56 | ERROR | 滑块验证失败，正在重试
2025-12-16 at 16:26:56 | INFO | 图片保存成功：slider.png
2025-12-16 at 16:26:56 | INFO | 图片保存成功：background.png
2025-12-16 at 16:26:57 | INFO | 正在调整，距离26.706999999999994
2025-12-16 at 16:26:58 | INFO | 正在调整，距离12.242999999999995
2025-12-16 at 16:26:58 | INFO | 正在调整，距离-6.217000000000013
2025-12-16 at 16:26:58 | INFO | 正在调整，距离2.280000000000001
2025-12-16 at 16:27:00 | ERROR | 滑块验证失败，正在重试
2025-12-16 at 16:27:00 | INFO | 图片保存成功：slider.png
2025-12-16 at 16:27:00 | INFO | 图片保存成功：background.png
2025-12-16 at 16:30:33 | INFO | 正在初始化
2025-12-16 at 16:30:59 | INFO | 初始化完成
2025-12-16 at 16:31:02 | INFO | 账号输入完成
2025-12-16 at 16:31:03 | INFO | 密码输入完成
2025-12-16 at 16:31:03 | INFO | 已勾选协议
2025-12-16 at 16:31:04 | INFO | 已提交，即将进入滑块验证码
2025-12-16 at 16:31:04 | INFO | 图片保存成功：slider.png
2025-12-16 at 16:31:04 | INFO | 图片保存成功：background.png
2025-12-16 at 16:31:06 | INFO | 正在调整，距离0.8199999999999932
2025-12-16 at 16:31:09 | ERROR | 滑块验证失败，正在重试
2025-12-16 at 16:31:10 | INFO | 图片保存成功：slider.png
2025-12-16 at 16:31:10 | INFO | 图片保存成功：background.png
2025-12-16 at 16:31:12 | INFO | 正在调整，距离19.465000000000003
2025-12-16 at 16:31:12 | INFO | 正在调整，距离3.5829999999999984
2025-12-16 at 16:31:12 | INFO | 正在调整，距离2.0970000000000084
2025-12-16 at 16:31:14 | ERROR | 滑块验证失败，正在重试
2025-12-16 at 16:31:14 | INFO | 图片保存成功：slider.png
2025-12-16 at 16:31:14 | INFO | 图片保存成功：background.png
2025-12-16 at 16:31:15 | INFO | 正在调整，距离19.465000000000003
2025-12-16 at 16:31:16 | INFO | 正在调整，距离3.5829999999999984
2025-12-16 at 16:31:16 | INFO | 正在调整，距离2.0970000000000084
2025-12-16 at 16:31:17 | ERROR | 滑块验证失败，正在重试
2025-12-16 at 16:31:17 | INFO | 图片保存成功：slider.png
2025-12-16 at 16:31:17 | INFO | 图片保存成功：background.png
2025-12-16 at 16:31:19 | INFO | 正在调整，距离12.335000000000008
2025-12-16 at 16:31:19 | INFO | 正在调整，距离-5.334000000000003
2025-12-16 at 16:31:19 | INFO | 正在调整，距离5.353000000000009
2025-12-16 at 16:31:20 | INFO | 正在调整，距离-5.334000000000003
2025-12-16 at 16:31:20 | INFO | 正在调整，距离5.353000000000009
2025-12-16 at 16:31:20 | INFO | 正在调整，距离-5.334000000000003
2025-12-16 at 16:31:20 | INFO | 正在调整，距离5.353000000000009
2025-12-16 at 16:31:21 | INFO | 正在调整，距离-5.334000000000003
2025-12-16 at 16:31:21 | INFO | 正在调整，距离5.353000000000009
2025-12-16 at 16:31:21 | INFO | 正在调整，距离-5.334000000000003
2025-12-16 at 16:31:22 | INFO | 正在调整，距离5.353000000000009
2025-12-16 at 16:31:22 | INFO | 正在调整，距离149.96800000000002
2025-12-16 at 16:31:22 | INFO | 正在调整，距离17.497000000000014
2025-12-16 at 16:31:22 | INFO | 正在调整，距离19.204000000000008
2025-12-16 at 16:31:23 | INFO | 正在调整，距离92.76599999999999
2025-12-16 at 16:31:23 | INFO | 正在调整，距离70.06299999999999
2025-12-16 at 16:31:23 | INFO | 正在调整，距离61.08000000000001
2025-12-16 at 16:31:23 | INFO | 正在调整，距离54.94999999999999
2025-12-16 at 16:31:24 | INFO | 正在调整，距离51.84299999999999
2025-12-16 at 16:31:25 | INFO | 正在调整，距离51.84299999999999
2025-12-16 at 16:31:25 | INFO | 正在调整，距离51.84299999999999
2025-12-16 at 16:31:25 | INFO | 正在调整，距离51.84299999999999
2025-12-16 at 16:31:26 | INFO | 正在调整，距离51.84299999999999
2025-12-16 at 16:31:26 | INFO | 正在调整，距离51.84299999999999
2025-12-16 at 16:31:26 | INFO | 正在调整，距离223.0
2025-12-16 at 16:31:26 | INFO | 正在调整，距离223.0
2025-12-16 at 16:31:27 | INFO | 正在调整，距离223.0
2025-12-16 at 16:31:27 | INFO | 正在调整，距离223.0
2025-12-16 at 16:31:27 | INFO | 正在调整，距离223.0
2025-12-16 at 16:31:28 | INFO | 正在调整，距离223.0
2025-12-16 at 16:31:28 | INFO | 正在调整，距离223.0
2025-12-16 at 16:31:28 | INFO | 正在调整，距离223.0
2025-12-16 at 16:31:28 | INFO | 正在调整，距离223.0
2025-12-16 at 16:31:29 | INFO | 正在调整，距离148.9432
2025-12-16 at 16:31:29 | INFO | 正在调整，距离80.219
2025-12-16 at 16:31:29 | INFO | 正在调整，距离68.583
2025-12-16 at 16:31:30 | INFO | 正在调整，距离65.60400000000001
2025-12-16 at 16:31:31 | INFO | 正在调整，距离65.60400000000001
2025-12-16 at 16:31:31 | INFO | 正在调整，距离65.60400000000001
2025-12-16 at 16:47:27 | INFO | 正在初始化
2025-12-16 at 16:48:36 | INFO | 初始化完成
2025-12-16 at 16:48:38 | INFO | 账号输入完成
2025-12-16 at 16:48:40 | INFO | 密码输入完成
2025-12-16 at 16:48:40 | INFO | 已勾选协议
2025-12-16 at 16:48:40 | INFO | 已提交，即将进入滑块验证码
2025-12-16 at 16:48:40 | INFO | 图片保存成功：slider.png
2025-12-16 at 16:48:40 | INFO | 图片保存成功：background.png
2025-12-16 at 16:48:41 | INFO | 正在调整，距离7.399000000000001
2025-12-16 at 16:48:41 | INFO | 正在调整，距离2.319999999999993
2025-12-16 at 20:51:07 | INFO | 正在初始化
2025-12-16 at 20:51:54 | INFO | 正在初始化
2025-12-16 at 20:52:17 | INFO | 正在初始化
2025-12-16 at 20:52:22 | INFO | 初始化完成
2025-12-16 at 20:52:25 | INFO | 账号输入完成
2025-12-16 at 20:52:26 | INFO | 密码输入完成
2025-12-16 at 20:52:26 | INFO | 已勾选协议
2025-12-16 at 20:52:26 | INFO | 已提交，即将进入滑块验证码
2025-12-16 at 20:52:27 | INFO | 图片保存成功：slider.png
2025-12-16 at 20:52:27 | INFO | 图片保存成功：background.png
2025-12-16 at 20:54:44 | INFO | 正在初始化
2025-12-16 at 20:54:49 | INFO | 初始化完成
2025-12-16 at 20:54:52 | INFO | 账号输入完成
2025-12-16 at 20:54:53 | INFO | 密码输入完成
2025-12-16 at 20:54:53 | INFO | 已勾选协议
2025-12-16 at 20:54:53 | INFO | 已提交，即将进入滑块验证码
2025-12-16 at 20:54:53 | INFO | 图片保存成功：slider.png
2025-12-16 at 20:54:53 | INFO | 图片保存成功：background.png
2025-12-16 at 20:54:53 | INFO | 距离为：None
2025-12-16 at 20:55:31 | INFO | 正在初始化
2025-12-16 at 20:55:36 | INFO | 初始化完成
2025-12-16 at 20:55:39 | INFO | 账号输入完成
2025-12-16 at 20:55:40 | INFO | 密码输入完成
2025-12-16 at 20:55:41 | INFO | 已勾选协议
2025-12-16 at 20:55:41 | INFO | 已提交，即将进入滑块验证码
2025-12-16 at 20:55:53 | INFO | 图片保存成功：slider.png
2025-12-16 at 20:55:53 | INFO | 图片保存成功：background.png
2025-12-16 at 20:56:18 | INFO | 正在初始化
2025-12-16 at 20:56:23 | INFO | 初始化完成
2025-12-16 at 20:56:26 | INFO | 账号输入完成
2025-12-16 at 20:56:28 | INFO | 密码输入完成
2025-12-16 at 20:56:28 | INFO | 已勾选协议
2025-12-16 at 20:56:28 | INFO | 已提交，即将进入滑块验证码
2025-12-16 at 20:56:28 | INFO | 图片保存成功：slider.png
2025-12-16 at 20:56:28 | INFO | 图片保存成功：background.png
2025-12-16 at 20:56:28 | INFO | 距离为：197
2025-12-16 at 20:56:29 | INFO | 正在调整，距离-1.7199999999999989
2025-12-16 at 20:56:32 | ERROR | 滑块验证失败，正在重试
2025-12-16 at 20:56:32 | INFO | 图片保存成功：slider.png
2025-12-16 at 20:56:32 | INFO | 图片保存成功：background.png
2025-12-16 at 20:56:32 | INFO | 距离为：177
2025-12-16 at 20:56:33 | INFO | 正在调整，距离5.842999999999989
2025-12-16 at 20:56:34 | INFO | 正在调整，距离-3.6510000000000105
2025-12-16 at 20:56:34 | INFO | 正在调整，距离-0.4579999999999984
2025-12-16 at 20:56:35 | ERROR | 滑块验证失败，正在重试
2025-12-16 at 20:56:35 | INFO | 图片保存成功：slider.png
2025-12-16 at 20:56:35 | INFO | 图片保存成功：background.png
2025-12-16 at 20:56:35 | INFO | 距离为：177
2025-12-16 at 20:56:37 | INFO | 正在调整，距离5.842999999999989
2025-12-16 at 20:56:37 | INFO | 正在调整，距离-3.6510000000000105
2025-12-16 at 20:56:37 | INFO | 正在调整，距离-0.4579999999999984
2025-12-16 at 20:56:39 | ERROR | 滑块验证失败，正在重试
2025-12-16 at 20:56:39 | INFO | 图片保存成功：slider.png
2025-12-16 at 20:56:39 | INFO | 图片保存成功：background.png
2025-12-16 at 20:56:39 | INFO | 距离为：244
2025-12-16 at 20:56:40 | INFO | 正在调整，距离244.0
2025-12-16 at 20:56:41 | INFO | 正在调整，距离43.595
2025-12-16 at 20:56:41 | INFO | 正在调整，距离41.90299999999999
2025-12-16 at 20:56:41 | INFO | 正在调整，距离204.6509
2025-12-16 at 20:56:41 | INFO | 正在调整，距离240.58935
2025-12-16 at 20:56:42 | INFO | 正在调整，距离241.2568
2025-12-16 at 20:56:42 | INFO | 正在调整，距离221.2189
2025-12-16 at 20:56:42 | INFO | 正在调整，距离-16.0
2025-12-16 at 20:56:43 | INFO | 正在调整，距离-16.0
2025-12-16 at 20:56:43 | INFO | 正在调整，距离-16.0
2025-12-16 at 20:56:43 | INFO | 正在调整，距离-16.0
2025-12-16 at 20:56:43 | INFO | 正在调整，距离-6.473000000000013
2025-12-16 at 20:56:44 | INFO | 正在调整，距离40.20400000000001
2025-12-16 at 20:56:44 | INFO | 正在调整，距离8.400000000000006
2025-12-16 at 20:56:44 | INFO | 正在调整，距离-16.0
2025-12-16 at 20:56:44 | INFO | 正在调整，距离13.860000000000014
2025-12-16 at 20:56:45 | INFO | 正在调整，距离-16.0
2025-12-16 at 20:56:45 | INFO | 正在调整，距离-16.0
2025-12-16 at 20:56:45 | INFO | 正在调整，距离-16.0
2025-12-16 at 20:56:46 | INFO | 正在调整，距离-16.0
2025-12-16 at 20:56:46 | INFO | 正在调整，距离-4.588999999999999
2025-12-16 at 20:56:46 | INFO | 正在调整，距离1.0200000000000102
2025-12-16 at 20:56:49 | ERROR | 滑块验证失败，正在重试
2025-12-16 at 20:56:49 | INFO | 图片保存成功：slider.png
2025-12-16 at 20:56:49 | INFO | 图片保存成功：background.png
2025-12-16 at 20:56:49 | INFO | 距离为：240
2025-12-16 at 20:56:50 | INFO | 正在调整，距离-1.1239999999999952
2025-12-16 at 20:56:52 | ERROR | 滑块验证失败，正在重试
2025-12-16 at 20:56:52 | INFO | 图片保存成功：slider.png
2025-12-16 at 20:56:52 | INFO | 图片保存成功：background.png
2025-12-16 at 20:56:52 | INFO | 距离为：204
2025-12-16 at 20:56:53 | INFO | 正在调整，距离26.542
2025-12-16 at 20:56:54 | INFO | 正在调整，距离8.629999999999995
2025-12-16 at 20:56:54 | INFO | 正在调整，距离0.20400000000000773
2025-12-16 at 20:56:55 | ERROR | 滑块验证失败，正在重试
2025-12-16 at 20:56:55 | INFO | 图片保存成功：slider.png
2025-12-16 at 20:56:56 | INFO | 图片保存成功：background.png
2025-12-16 at 20:56:56 | INFO | 距离为：235
2025-12-16 at 20:56:57 | INFO | 正在调整，距离3.046999999999997
2025-12-16 at 20:56:57 | INFO | 正在调整，距离1.2270000000000039
2025-12-16 at 20:56:59 | ERROR | 滑块验证失败，正在重试
2025-12-16 at 20:56:59 | INFO | 图片保存成功：slider.png
2025-12-16 at 20:56:59 | INFO | 图片保存成功：background.png
2025-12-16 at 20:56:59 | INFO | 距离为：188
2025-12-16 at 20:57:00 | INFO | 正在调整，距离-2.4000000000000057
2025-12-16 at 20:57:02 | ERROR | 滑块验证失败，正在重试
2025-12-16 at 20:57:02 | INFO | 图片保存成功：slider.png
2025-12-16 at 20:57:02 | INFO | 图片保存成功：background.png
2025-12-16 at 20:57:02 | INFO | 距离为：193
2025-12-16 at 20:57:03 | INFO | 正在调整，距离-0.7069999999999936
2025-12-16 at 20:57:05 | ERROR | 滑块验证失败，正在重试
2025-12-16 at 21:01:37 | INFO | 正在初始化
2025-12-16 at 21:01:42 | INFO | 初始化完成
2025-12-16 at 21:01:45 | INFO | 账号输入完成
2025-12-16 at 21:01:47 | INFO | 密码输入完成
2025-12-16 at 21:01:47 | INFO | 已勾选协议
2025-12-16 at 21:01:47 | INFO | 已提交，即将进入滑块验证码
2025-12-16 at 21:01:47 | INFO | 图片保存成功：slider.png
2025-12-16 at 21:01:47 | INFO | 图片保存成功：background.png
2025-12-16 at 21:01:47 | INFO | 距离为：235
2025-12-16 at 21:01:48 | INFO | 正在调整，距离3.046999999999997
2025-12-16 at 21:01:48 | INFO | 正在调整，距离-0.5999999999999943
2025-12-16 at 21:01:52 | ERROR | 滑块验证失败，正在重试
2025-12-16 at 21:01:52 | INFO | 图片保存成功：slider.png
2025-12-16 at 21:01:52 | INFO | 图片保存成功：background.png
2025-12-16 at 21:01:52 | INFO | 距离为：232
2025-12-16 at 21:01:53 | INFO | 正在调整，距离7.257000000000005
2025-12-16 at 21:01:53 | INFO | 正在调整，距离-3.5999999999999943
2025-12-16 at 21:01:54 | INFO | 正在调整，距离0.046999999999997044
2025-12-16 at 21:01:55 | ERROR | 滑块验证失败，正在重试
2025-12-16 at 21:01:55 | INFO | 图片保存成功：slider.png
2025-12-16 at 21:01:55 | INFO | 图片保存成功：background.png
2025-12-16 at 21:01:55 | INFO | 距离为：232
2025-12-16 at 21:01:57 | INFO | 正在调整，距离33.28
2025-12-16 at 21:01:57 | INFO | 正在调整，距离3.665999999999997
2025-12-16 at 21:01:57 | INFO | 正在调整，距离-5.4339999999999975
2025-12-16 at 21:01:58 | INFO | 正在调整，距离-9.123999999999995
2025-12-16 at 21:01:58 | INFO | 正在调整，距离-3.5999999999999943
2025-12-16 at 21:01:58 | INFO | 正在调整，距离0.046999999999997044
2025-12-16 at 21:02:00 | ERROR | 滑块验证失败，正在重试
2025-12-16 at 21:02:00 | INFO | 图片保存成功：slider.png
2025-12-16 at 21:02:11 | INFO | 图片保存成功：background.png
2025-12-16 at 21:02:11 | INFO | 距离为：229
2025-12-16 at 21:02:12 | INFO | 正在调整，距离49.94900000000001
2025-12-16 at 21:02:12 | INFO | 正在调整，距离49.94900000000001
2025-12-16 at 21:02:12 | INFO | 正在调整，距离49.94900000000001
2025-12-16 at 21:02:13 | INFO | 正在调整，距离229.0
2025-12-16 at 21:02:13 | INFO | 正在调整，距离229.0
2025-12-16 at 21:02:13 | INFO | 正在调整，距离229.0
2025-12-16 at 21:02:13 | INFO | 正在调整，距离229.0
2025-12-16 at 21:02:14 | INFO | 正在调整，距离229.0
2025-12-16 at 21:02:14 | INFO | 正在调整，距离229.0
2025-12-16 at 21:02:14 | INFO | 正在调整，距离229.0
2025-12-16 at 21:02:14 | INFO | 正在调整，距离229.0
2025-12-16 at 21:02:15 | INFO | 正在调整，距离229.0
2025-12-16 at 21:02:15 | INFO | 正在调整，距离229.0
2025-12-16 at 21:02:15 | INFO | 正在调整，距离229.0
2025-12-16 at 21:02:16 | INFO | 正在调整，距离229.0
2025-12-16 at 21:02:16 | INFO | 正在调整，距离229.0
2025-12-16 at 21:02:16 | INFO | 正在调整，距离229.0
2025-12-16 at 21:02:16 | INFO | 正在调整，距离229.0
2025-12-16 at 21:02:17 | INFO | 正在调整，距离229.0
2025-12-16 at 21:02:17 | INFO | 正在调整，距离229.0
2025-12-16 at 21:02:17 | INFO | 正在调整，距离229.0
